date,bank,fx_position,days_exceeded
1999-10-31,BHD,0.0,0
1999-11-30,BHD,0.0,0
1999-12-31,BHD,0.0,0
2000-01-31,BHD,0.0,0
2000-02-29,BHD,0.0,0
2000-03-31,BHD,0.3271,0
2000-04-30,BHD,0.0,0
2000-05-31,BHD,0.0,0
2000-06-30,BHD,0.1432,0
2000-07-31,BHD,0.192,0
2000-08-31,BHD,0.1669,0
2000-09-30,BHD,0.7113,18
2000-10-31,BHD,0.4109,27
2000-11-30,BHD,0.1363,6
2000-12-31,BHD,0.0231,3
2001-01-31,BHD,0.2959,1
2001-02-28,BHD,0.3412,5
2001-03-31,BHD,0.0642,0
2001-04-30,BHD,0.1701,4
2001-05-31,BHD,0.609,4
2001-06-30,BHD,0.1057,5
2001-07-31,BHD,0.2461,0
2001-08-31,BHD,0.2113,7
2001-09-30,BHD,0.3961,0
2001-10-31,BHD,0.4482,20
2001-11-30,BHD,0.0,27
2001-12-31,BHD,0.3157,31
2002-01-31,BHD,0.1586,31
2002-02-28,BHD,0.0,0
2002-03-31,BHD,0.0,0
2002-04-30,BHD,0.0,0
2002-05-31,BHD,0.0,0
2002-06-30,BHD,0.0,0
2002-07-31,BHD,0.0,0
2002-08-31,BHD,0.0,0
2002-09-30,BHD,0.0,0
2002-10-31,BHD,0.0,0
2002-11-30,BHD,0.0,0
2002-12-31,BHD,0.0,0
2003-01-31,BHD,0.0,0
2003-02-28,BHD,0.0,0
2003-03-31,BHD,0.0,0
2003-04-30,BHD,0.0,0
2003-05-31,BHD,0.0,0
2003-06-30,BHD,0.0,0
2003-07-31,BHD,0.0,0
2003-08-31,BHD,0.0,0
2003-09-30,BHD,0.0,0
2003-10-31,BHD,0.0,0
2003-11-30,BHD,0.0,0
2003-12-31,BHD,0.0,0
2004-01-31,BHD,0.0,0
2004-02-29,BHD,0.0,0
2004-03-31,BHD,0.0,0
2004-04-30,BHD,0.0,0
2004-05-31,BHD,0.0,0
2004-06-30,BHD,0.0,0
2004-07-31,BHD,0.0,0
2004-08-31,BHD,0.0,0
2004-09-30,BHD,0.0,0
2004-10-31,BHD,0.0,0
2004-11-30,BHD,0.0,0
2004-12-31,BHD,0.0,0
2005-01-31,BHD,0.0,0
2005-02-28,BHD,0.0,0
2005-03-31,BHD,0.0,0
2005-04-30,BHD,0.0,0
2005-05-31,BHD,0.0,0
2005-06-30,BHD,0.0,0
2005-07-31,BHD,0.0,0
2005-08-31,BHD,0.0,0
2005-09-30,BHD,0.0,0
2005-10-31,BHD,0.0,0
2005-11-30,BHD,0.0,0
2005-12-31,BHD,0.0,0
2006-01-31,BHD,0.0,0
2006-02-28,BHD,0.0,0
2006-03-31,BHD,0.0,0
2006-04-30,BHD,0.0,0
2006-05-31,BHD,0.0,0
2006-06-30,BHD,0.0,0
2006-07-31,BHD,0.0,0
2006-08-31,BHD,0.0,0
2006-09-30,BHD,0.0,0
2006-10-31,BHD,0.0,0
2006-11-30,BHD,0.0,0
2006-12-31,BHD,0.0,0
2007-01-31,BHD,0.0,0
2007-02-28,BHD,0.0,0
2007-03-31,BHD,0.0,0
1999-10-31,BICH,0.0761,0
1999-11-30,BICH,0.078,0
1999-12-31,BICH,0.0778,0
2000-01-31,BICH,0.0787,0
2000-02-29,BICH,0.0825,0
2000-03-31,BICH,0.0847,0
2000-04-30,BICH,0.0839,0
2000-05-31,BICH,0.0844,0
2000-06-30,BICH,0.0871,0
2000-07-31,BICH,0.0886,0
2000-08-31,BICH,0.0924,0
2000-09-30,BICH,0.1207,0
2000-10-31,BICH,0.1001,0
2000-11-30,BICH,0.1017,0
2000-12-31,BICH,0.0956,0
2001-01-31,BICH,0.1002,0
2001-02-28,BICH,0.1001,0
2001-03-31,BICH,0.1013,0
2001-04-30,BICH,0.0987,0
2001-05-31,BICH,0.0995,0
2001-06-30,BICH,0.1027,0
2001-07-31,BICH,0.1012,0
2001-08-31,BICH,0.1018,0
2001-09-30,BICH,0.1075,0
2001-10-31,BICH,0.1084,0
2001-11-30,BICH,0.0,0
2001-12-31,BICH,0.0,0
2002-01-31,BICH,0.0,0
2002-02-28,BICH,0.0,0
2002-03-31,BICH,0.0,0
2002-04-30,BICH,0.0,0
2002-05-31,BICH,0.0,0
2002-06-30,BICH,0.0,0
2002-07-31,BICH,0.0,0
2002-08-31,BICH,0.0,0
2002-09-30,BICH,0.0,0
2002-10-31,BICH,0.0,0
2002-11-30,BICH,0.0,0
2002-12-31,BICH,0.0,0
2003-01-31,BICH,0.0,0
2003-02-28,BICH,0.0,0
2003-03-31,BICH,0.0,0
2003-04-30,BICH,0.0,0
2003-05-31,BICH,0.0,0
2003-06-30,BICH,0.0,0
2003-07-31,BICH,0.0,0
2003-08-31,BICH,0.0,0
2003-09-30,BICH,0.0,0
2003-10-31,BICH,0.0,0
2003-11-30,BICH,0.0,0
2003-12-31,BICH,0.0,0
2004-01-31,BICH,0.0,0
2004-02-29,BICH,0.0,0
2004-03-31,BICH,0.0,0
2004-04-30,BICH,0.0,0
2004-05-31,BICH,0.0,0
2004-06-30,BICH,0.0,0
2004-07-31,BICH,0.0,0
2004-08-31,BICH,0.0,0
2004-09-30,BICH,0.0,0
2004-10-31,BICH,0.0,0
2004-11-30,BICH,0.0,0
2004-12-31,BICH,0.0,0
2005-01-31,BICH,0.0,0
2005-02-28,BICH,0.0,0
2005-03-31,BICH,0.0,0
2005-04-30,BICH,0.0,0
2005-05-31,BICH,0.0,0
2005-06-30,BICH,0.0,0
2005-07-31,BICH,0.0,0
2005-08-31,BICH,0.0,0
2005-09-30,BICH,0.0,0
2005-10-31,BICH,0.0,0
2005-11-30,BICH,0.0,0
2005-12-31,BICH,0.0,0
2006-01-31,BICH,0.0,0
2006-02-28,BICH,0.0,0
2006-03-31,BICH,0.0,0
2006-04-30,BICH,0.0,0
2006-05-31,BICH,0.0,0
2006-06-30,BICH,0.0,0
2006-07-31,BICH,0.0,0
2006-08-31,BICH,0.0,0
2006-09-30,BICH,0.0,0
2006-10-31,BICH,0.0,0
2006-11-30,BICH,0.0,0
2006-12-31,BICH,0.0,0
2007-01-31,BICH,0.0,0
2007-02-28,BICH,0.0,0
2007-03-31,BICH,0.0,0
2007-04-30,BICH,0.0,0
2007-05-31,BICH,0.0,0
2007-06-30,BICH,0.0,0
2007-07-31,BICH,0.0,0
2007-08-31,BICH,0.0,0
2007-09-30,BICH,0.0,0
2007-10-31,BICH,0.0,0
2007-11-30,BICH,0.0,0
2007-12-31,BICH,0.0,0
2008-01-31,BICH,0.0,0
2008-02-29,BICH,0.0,0
2008-03-31,BICH,0.0,0
2008-04-30,BICH,0.0,0
2008-05-31,BICH,0.0,0
2008-06-30,BICH,0.0,0
2008-07-31,BICH,0.0,0
2008-08-31,BICH,0.0,0
2008-09-30,BICH,0.0,0
2008-10-31,BICH,0.0,0
2008-11-30,BICH,0.0,0
2008-12-31,BICH,0.0,0
2009-01-31,BICH,0.0,0
2009-02-28,BICH,0.0,0
2009-03-31,BICH,0.0,0
2009-04-30,BICH,0.0,0
2009-05-31,BICH,0.0,0
2009-06-30,BICH,0.0,0
2009-07-31,BICH,0.0,0
2009-08-31,BICH,0.0,0
2009-09-30,BICH,0.0,0
2009-10-31,BICH,0.0,0
2009-11-30,BICH,0.0,0
2009-12-31,BICH,0.0,0
2010-01-31,BICH,0.0,0
2010-02-28,BICH,0.0,0
2010-03-31,BICH,0.0,0
2010-04-30,BICH,0.0,0
2010-05-31,BICH,0.0,0
2010-06-30,BICH,0.0,0
2010-07-31,BICH,0.0,0
2010-08-31,BICH,0.0,0
2010-09-30,BICH,0.0,0
1999-10-31,BNC,0.4822,5
1999-11-30,BNC,0.624,6
1999-12-31,BNC,0.3953,14
2000-01-31,BNC,0.0909,1
2000-02-29,BNC,0.3577,0
2000-03-31,BNC,0.3373,0
2000-04-30,BNC,0.2,0
2000-05-31,BNC,0.276,0
2000-06-30,BNC,0.1095,0
2000-07-31,BNC,0.0935,0
2000-08-31,BNC,0.0777,0
2000-09-30,BNC,0.3738,0
2000-10-31,BNC,0.3846,16
2000-11-30,BNC,0.012,2
2000-12-31,BNC,0.2333,0
2001-01-31,BNC,0.0262,0
2001-02-28,BNC,0.2072,0
2001-03-31,BNC,0.1227,0
2001-04-30,BNC,0.1135,0
2001-05-31,BNC,0.0465,0
2001-06-30,BNC,0.1485,0
2001-07-31,BNC,0.1203,0
2001-08-31,BNC,0.1271,0
2001-09-30,BNC,0.046,0
2001-10-31,BNC,0.0474,0
2001-11-30,BNC,0.0386,0
2001-12-31,BNC,0.0672,0
2002-01-31,BNC,0.0224,0
2002-02-28,BNC,-0.0569,0
2002-03-31,BNC,0.0415,0
2002-04-30,BNC,0.0132,0
2002-05-31,BNC,-0.0124,0
2002-06-30,BNC,-0.0812,3
2002-07-31,BNC,0.0009,9
2002-08-31,BNC,-0.0197,2
2002-09-30,BNC,0.1561,3
2002-10-31,BNC,0.0141,4
2002-11-30,BNC,0.0047,0
2002-12-31,BNC,0.0577,1
2003-01-31,BNC,0.1158,12
2003-02-28,BNC,0.0691,5
2003-03-31,BNC,0.0179,1
2003-04-30,BNC,-0.0185,0
2003-05-31,BNC,0.0041,0
2003-06-30,BNC,0.001,0
2003-07-31,BNC,0.0233,0
2003-08-31,BNC,0.0157,0
2003-09-30,BNC,0.013,0
2003-10-31,BNC,0.0098,0
2003-11-30,BNC,0.0527,1
2003-12-31,BNC,0.0387,0
2004-01-31,BNC,0.0086,0
2004-02-29,BNC,0.0015,0
2004-03-31,BNC,0.0175,1
2004-04-30,BNC,0.0311,0
2004-05-31,BNC,0.0145,0
2004-06-30,BNC,0.0023,0
2004-07-31,BNC,0.0,0
2004-08-31,BNC,0.0,0
2004-09-30,BNC,0.0,0
2004-10-31,BNC,0.006,0
2004-11-30,BNC,0.0128,0
2004-12-31,BNC,0.0276,0
2005-01-31,BNC,0.066,0
2005-02-28,BNC,0.0212,0
2005-03-31,BNC,0.0146,0
2005-04-30,BNC,0.033,0
2005-05-31,BNC,0.0017,0
2005-06-30,BNC,0.0127,0
2005-07-31,BNC,0.0123,0
2005-08-31,BNC,0.0021,0
2005-09-30,BNC,0.02,0
2005-10-31,BNC,0.0271,0
2005-11-30,BNC,0.0267,0
2005-12-31,BNC,0.013,0
2006-01-31,BNC,0.0639,0
2006-02-28,BNC,0.0004,0
2006-03-31,BNC,0.0047,0
2006-04-30,BNC,0.014,0
2006-05-31,BNC,0.0131,0
2006-06-30,BNC,0.0244,0
2006-07-31,BNC,0.0302,0
2006-08-31,BNC,0.0124,0
2006-09-30,BNC,0.0191,0
2006-10-31,BNC,0.0382,0
2006-11-30,BNC,0.0163,0
2006-12-31,BNC,0.041,0
2007-01-31,BNC,0.0208,0
2007-02-28,BNC,0.0043,0
2007-03-31,BNC,0.0119,0
2007-04-30,BNC,0.0079,0
2007-05-31,BNC,0.0433,0
2007-06-30,BNC,0.0281,0
2007-07-31,BNC,0.0415,0
2007-08-31,BNC,0.0103,0
2007-09-30,BNC,0.0412,3
2007-10-31,BNC,0.055,14
2007-11-30,BNC,0.0679,0
2007-12-31,BNC,0.0104,0
2008-01-31,BNC,0.0,0
2008-02-29,BNC,0.0,0
2008-03-31,BNC,0.0,0
2008-04-30,BNC,0.0094,0
2008-05-31,BNC,0.0055,0
2008-06-30,BNC,0.0052,3
2008-07-31,BNC,0.0044,8
2008-08-31,BNC,0.0058,6
2008-09-30,BNC,0.0035,5
2008-10-31,BNC,0.0029,4
2008-11-30,BNC,0.0024,0
2008-12-31,BNC,0.0095,6
2009-01-31,BNC,0.0057,2
2009-02-28,BNC,0.0039,0
2009-03-31,BNC,0.0047,0
2009-04-30,BNC,0.0077,0
2009-05-31,BNC,0.0081,0
2009-06-30,BNC,0.0122,0
2009-07-31,BNC,0.0124,0
2009-08-31,BNC,0.0096,0
2009-09-30,BNC,0.0159,0
2009-10-31,BNC,0.0052,0
2009-11-30,BNC,0.005,0
2009-12-31,BNC,0.0125,0
2010-01-31,BNC,0.0,0
2010-02-28,BNC,0.0228,6
2010-03-31,BNC,0.0062,0
2010-04-30,BNC,0.0008,0
2010-05-31,BNC,0.0068,0
2010-06-30,BNC,0.0079,0
2010-07-31,BNC,0.0055,0
2010-08-31,BNC,0.0112,0
2010-09-30,BNC,0.0151,0
2010-10-31,BNC,0.007,0
2010-11-30,BNC,0.0061,0
2010-12-31,BNC,0.0072,0
2011-01-31,BNC,0.0044,0
2011-02-28,BNC,0.0085,0
2011-03-31,BNC,0.005,0
2011-04-30,BNC,0.0054,0
2011-05-31,BNC,0.0118,0
2011-06-30,BNC,0.0092,0
2011-07-31,BNC,0.0062,0
2011-08-31,BNC,0.0025,0
2011-09-30,BNC,0.0063,0
2011-10-31,BNC,0.0072,5
2011-11-30,BNC,0.0056,0
2011-12-31,BNC,0.0046,0
2012-01-31,BNC,0.0144,1
2012-02-29,BNC,0.0033,0
2012-03-31,BNC,0.0099,0
2012-04-30,BNC,0.0069,0
2012-05-31,BNC,0.0028,0
2012-06-30,BNC,0.1506,22
2012-07-31,BNC,0.0086,4
2012-08-31,BNC,0.0088,0
2012-09-30,BNC,0.0394,19
2012-10-31,BNC,0.013,4
2012-11-30,BNC,0.0103,4
2012-12-31,BNC,0.0098,0
2013-01-31,BNC,0.052,1
2013-02-28,BNC,0.0083,3
2013-03-31,BNC,0.0075,0
2013-04-30,BNC,0.005,0
2013-05-31,BNC,0.0076,0
2013-06-30,BNC,0.0068,0
2013-07-31,BNC,0.0049,0
2013-08-31,BNC,0.0074,0
2013-09-30,BNC,0.0093,0
2013-10-31,BNC,0.0045,0
2013-11-30,BNC,0.0019,0
2013-12-31,BNC,0.0053,0
2014-01-31,BNC,0.0067,0
2014-02-28,BNC,0.0128,0
2014-03-31,BNC,0.0035,0
2014-04-30,BNC,0.007,0
2014-05-31,BNC,0.005,0
2014-06-30,BNC,0.0116,0
2014-07-31,BNC,0.0017,0
2014-08-31,BNC,0.0058,0
2014-09-30,BNC,0.0055,0
2014-10-31,BNC,0.006,0
2014-11-30,BNC,0.0041,0
2014-12-31,BNC,0.0077,0
2015-01-31,BNC,0.0033,0
2015-02-28,BNC,0.0072,0
2015-03-31,BNC,0.0075,0
2015-04-30,BNC,0.0114,0
2015-05-31,BNC,0.0061,0
2015-06-30,BNC,0.0062,0
2015-07-31,BNC,0.0042,0
2015-08-31,BNC,0.0074,0
2015-09-30,BNC,0.0045,0
2015-10-31,BNC,0.0133,0
2015-11-30,BNC,0.0028,0
2015-12-31,BNC,0.0109,0
2016-01-31,BNC,0.0092,0
2016-02-29,BNC,0.011,0
2016-03-31,BNC,0.0032,0
2016-04-30,BNC,0.0114,0
2016-05-31,BNC,0.0107,0
2016-06-30,BNC,0.008,0
2016-07-31,BNC,0.0088,0
2016-08-31,BNC,0.0005,0
2016-09-30,BNC,0.0093,0
2016-10-31,BNC,0.0041,0
2016-11-30,BNC,0.0036,0
2016-12-31,BNC,0.0038,0
2017-01-31,BNC,0.0031,0
2017-02-28,BNC,0.0031,0
2017-03-31,BNC,0.0042,0
2017-04-30,BNC,0.0029,0
2017-05-31,BNC,0.0021,3
2017-06-30,BNC,0.0017,0
2017-07-31,BNC,0.0012,0
2017-08-31,BNC,0.0015,0
2017-09-30,BNC,0.0071,2
2017-10-31,BNC,0.0021,0
2017-11-30,BNC,0.0016,0
2017-12-31,BNC,0.0018,0
2018-01-31,BNC,0.0043,0
2018-02-28,BNC,0.0041,1
2018-03-31,BNC,0.0026,0
2018-04-30,BNC,0.0043,0
2018-05-31,BNC,0.0043,0
2018-06-30,BNC,0.0016,0
2018-07-31,BNC,0.0042,0
2018-08-31,BNC,0.0047,0
2018-09-30,BNC,0.0018,0
2018-10-31,BNC,0.0038,0
2018-11-30,BNC,0.0048,0
2018-12-31,BNC,0.0046,0
2019-01-31,BNC,0.0038,0
2019-02-28,BNC,0.0048,0
2019-03-31,BNC,0.0046,0
2019-04-30,BNC,0.0047,0
2019-05-31,BNC,0.0047,0
2019-06-30,BNC,0.0035,0
2019-07-31,BNC,0.0041,0
2019-08-31,BNC,0.0019,0
2019-09-30,BNC,0.0029,0
2019-10-31,BNC,0.0031,0
2019-11-30,BNC,0.0013,6
2019-12-31,BNC,0.0013,0
2020-01-31,BNC,0.0038,0
2020-02-29,BNC,0.0034,0
2020-03-31,BNC,0.0013,0
2020-04-30,BNC,0.0014,0
2020-05-31,BNC,0.0006,0
2020-06-30,BNC,0.0036,0
2020-07-31,BNC,0.0043,0
2020-08-31,BNC,0.0031,2
2020-09-30,BNC,0.0326,16
2020-10-31,BNC,0.0014,10
2020-11-30,BNC,0.0013,5
2020-12-31,BNC,0.0006,10
2021-01-31,BNC,0.0048,5
2021-02-28,BNC,0.0033,0
2021-03-31,BNC,0.0024,8
2021-04-30,BNC,0.0036,3
2021-05-31,BNC,0.0042,12
2021-06-30,BNC,0.0032,0
2021-07-31,BNC,0.0023,1
2021-08-31,BNC,0.0037,4
2021-09-30,BNC,0.0007,0
2021-10-31,BNC,0.002,0
2021-11-30,BNC,0.0016,0
2021-12-31,BNC,0.0025,0
2022-01-31,BNC,0.0005,0
2022-02-28,BNC,0.0015,0
2022-03-31,BNC,0.0016,0
2022-04-30,BNC,0.0032,0
2022-05-31,BNC,0.0035,0
2022-06-30,BNC,0.0023,0
2022-07-31,BNC,0.004829749526365199,0
2022-08-31,BNC,0.004663190156355909,0
2022-09-30,BNC,0.001865660322587315,0
2022-10-31,BNC,0.0023,0
2022-11-30,BNC,0.0008,0
2022-12-31,BNC,0.0027,0
2023-01-31,BNC,0.0010825769577968852,0
2023-02-28,BNC,0.0006242121229699829,0
2023-03-31,BNC,0.002152478496518759,0
2024-01-31,BNC,0.004003779941083804,0
2024-02-29,BNC,0.0038794018548210804,0
2024-03-31,BNC,0.000935834343158686,0
2024-04-30,BNC,0.002914035553289945,0
2024-05-31,BNC,0.002616852431981076,0
2024-06-30,BNC,0.002794177748659811,0
2024-07-31,BNC,,0
2024-08-31,BNC,,0
2024-09-30,BNC,,0
2024-10-31,BNC,0.0047,0
2024-11-30,BNC,0.0044,0
2024-12-31,BNC,0.0013,0
2025-01-31,BNC,0.0017,0
2025-02-28,BNC,0.0024,0
2025-03-31,BNC,0.0044,0
2025-04-30,BNC,0.0038,0
2025-05-31,BNC,0.002,0
2025-06-30,BNC,0.0027,0
2025-07-31,BNC,0.004,0
2025-08-31,BNC,0.0,0
2025-09-30,BNC,0.0018,0
1999-10-31,BPH,0.032,0
1999-11-30,BPH,0.019,0
1999-12-31,BPH,0.0178,0
2000-01-31,BPH,0.2492,0
2000-02-29,BPH,0.0173,0
2000-03-31,BPH,0.0399,0
2000-04-30,BPH,0.0486,0
2000-05-31,BPH,0.0377,0
2000-06-30,BPH,0.0244,0
2000-07-31,BPH,0.024,0
2000-08-31,BPH,0.0091,0
2000-09-30,BPH,0.0675,0
2000-10-31,BPH,0.0211,0
2000-11-30,BPH,0.0177,0
2000-12-31,BPH,0.0421,0
2001-01-31,BPH,0.0196,0
2001-02-28,BPH,0.0527,0
2001-03-31,BPH,0.0478,0
2001-04-30,BPH,0.1511,0
2001-05-31,BPH,0.0253,0
2001-06-30,BPH,0.1078,0
2001-07-31,BPH,0.0859,0
2001-08-31,BPH,0.0283,0
2001-09-30,BPH,0.0856,0
2001-10-31,BPH,0.0523,0
2001-11-30,BPH,0.04,0
2001-12-31,BPH,0.0844,3
2002-01-31,BPH,0.0252,0
2002-02-28,BPH,0.0227,6
2002-03-31,BPH,0.0658,1
2002-04-30,BPH,0.0298,3
2002-05-31,BPH,0.0174,0
2002-06-30,BPH,0.0132,0
2002-07-31,BPH,0.0598,2
2002-08-31,BPH,0.0089,1
2002-09-30,BPH,0.0668,5
2002-10-31,BPH,0.0886,4
2002-11-30,BPH,0.0493,5
2002-12-31,BPH,0.0365,6
2003-01-31,BPH,0.0239,0
2003-02-28,BPH,0.0062,4
2003-03-31,BPH,0.0014,2
2003-04-30,BPH,0.0026,8
2003-05-31,BPH,0.0014,0
2003-06-30,BPH,0.0281,2
2003-07-31,BPH,0.0369,2
2003-08-31,BPH,0.0018,1
2003-09-30,BPH,0.0564,1
2003-10-31,BPH,0.0075,2
2003-11-30,BPH,0.0076,5
2003-12-31,BPH,0.061,0
2004-01-31,BPH,0.0125,0
2004-02-29,BPH,0.0114,0
2004-03-31,BPH,0.0238,0
2004-04-30,BPH,0.0069,0
2004-05-31,BPH,0.0089,0
2004-06-30,BPH,0.0249,0
2004-07-31,BPH,0.0,0
2004-08-31,BPH,0.0,0
2004-09-30,BPH,0.0,0
2004-10-31,BPH,0.067,5
2004-11-30,BPH,0.0317,6
2004-12-31,BPH,0.0541,0
2005-01-31,BPH,0.0149,0
2005-02-28,BPH,0.0196,0
2005-03-31,BPH,0.0323,0
2005-04-30,BPH,0.0198,0
2005-05-31,BPH,0.0365,1
2005-06-30,BPH,0.013,1
2005-07-31,BPH,0.0383,1
2005-08-31,BPH,0.0326,0
2005-09-30,BPH,0.0171,0
2005-10-31,BPH,0.0223,0
2005-11-30,BPH,0.0083,0
2005-12-31,BPH,0.0081,2
2006-01-31,BPH,0.0485,1
2006-02-28,BPH,0.0624,0
2006-03-31,BPH,0.0331,0
2006-04-30,BPH,0.0017,0
2006-05-31,BPH,0.0514,1
2006-06-30,BPH,0.0414,0
2006-07-31,BPH,0.0277,0
2006-08-31,BPH,0.0753,0
2006-09-30,BPH,0.0275,0
2006-10-31,BPH,0.0156,2
2006-11-30,BPH,0.0172,0
2006-12-31,BPH,0.0119,0
2007-01-31,BPH,0.0385,0
2007-02-28,BPH,0.015,0
2007-03-31,BPH,0.0213,0
2007-04-30,BPH,0.0558,0
2007-05-31,BPH,0.0363,0
2007-06-30,BPH,0.0437,0
2007-07-31,BPH,0.0122,0
2007-08-31,BPH,0.0484,0
2007-09-30,BPH,0.0774,2
2007-10-31,BPH,0.0166,0
2007-11-30,BPH,0.0946,2
2007-12-31,BPH,0.0711,5
2008-01-31,BPH,0.0,0
2008-02-29,BPH,0.0,0
2008-03-31,BPH,0.0,0
2008-04-30,BPH,0.0091,1
2008-05-31,BPH,0.0062,1
2008-06-30,BPH,0.0072,3
2008-07-31,BPH,0.0158,18
2008-08-31,BPH,0.011,9
2008-09-30,BPH,0.0087,7
2008-10-31,BPH,0.0015,11
2008-11-30,BPH,0.0209,3
2008-12-31,BPH,0.0255,7
2009-01-31,BPH,0.0121,15
2009-02-28,BPH,0.0126,13
2009-03-31,BPH,0.0087,11
2009-04-30,BPH,0.0367,13
2009-05-31,BPH,0.2902,31
2009-06-30,BPH,0.0326,16
2009-07-31,BPH,0.0206,17
2009-08-31,BPH,0.0099,20
2009-09-30,BPH,0.0148,17
2009-10-31,BPH,0.0315,22
2009-11-30,BPH,0.0306,15
2009-12-31,BPH,0.0157,14
2010-01-31,BPH,0.0,0
2010-02-28,BPH,0.084,20
2010-03-31,BPH,0.0283,15
2010-04-30,BPH,0.0144,16
2010-05-31,BPH,0.0202,1
2010-06-30,BPH,0.1194,30
2010-07-31,BPH,0.0803,27
2010-08-31,BPH,0.0812,30
2010-09-30,BPH,0.0593,27
2010-10-31,BPH,0.0182,27
2010-11-30,BPH,0.2165,27
2010-12-31,BPH,0.1411,31
2011-01-31,BPH,0.0286,31
2011-02-28,BPH,0.5259,28
2011-03-31,BPH,0.1266,28
2011-04-30,BPH,0.6731,31
2011-05-31,BPH,0.3366,31
2011-06-30,BPH,0.245,30
2011-07-31,BPH,0.1421,31
2011-08-31,BPH,0.2315,31
2011-09-30,BPH,0.054,29
2011-10-31,BPH,6.0681,31
2011-11-30,BPH,1.2217,30
2011-12-31,BPH,0.2945,31
2012-01-31,BPH,1.0367,28
2012-02-29,BPH,0.7815,27
2012-03-31,BPH,0.9162,31
2012-04-30,BPH,0.707,29
2012-05-31,BPH,0.2356,26
2012-06-30,BPH,1.4591,30
2012-07-31,BPH,0.4975,31
2012-08-31,BPH,0.5438,30
2012-09-30,BPH,12.5168,30
2012-10-31,BPH,1.7526,31
2012-11-30,BPH,8.1447,30
2012-12-31,BPH,5.5168,31
2013-01-31,BPH,1.0247,31
2013-02-28,BPH,1.2939,28
2013-03-31,BPH,1.2153,31
2013-04-30,BPH,2.1447,30
2013-05-31,BPH,0.782,31
2013-06-30,BPH,0.0866,30
2013-07-31,BPH,0.1055,28
2013-08-31,BPH,0.0418,29
2013-09-30,BPH,0.0164,19
2013-10-31,BPH,0.0826,23
2013-11-30,BPH,0.058,27
2013-12-31,BPH,0.0672,28
2014-01-31,BPH,0.016,15
2014-02-28,BPH,0.0904,22
2014-03-31,BPH,0.0344,30
2014-04-30,BPH,0.0803,18
2014-05-31,BPH,0.1784,31
2014-06-30,BPH,0.0965,30
2014-07-31,BPH,0.0045,29
2014-08-31,BPH,0.0366,31
2014-09-30,BPH,0.0091,23
2014-10-31,BPH,0.1173,29
2014-11-30,BPH,0.0783,30
2014-12-31,BPH,0.1257,28
2015-01-31,BPH,0.3325,31
2015-02-28,BPH,0.171,28
2015-03-31,BPH,0.0779,31
2015-04-30,BPH,0.1468,30
2015-05-31,BPH,0.1656,31
2015-06-30,BPH,0.086,31
2015-07-31,BPH,0.3117,31
2015-08-31,BPH,0.0256,26
2015-09-30,BPH,0.0136,20
2015-10-31,BPH,0.0162,16
2015-11-30,BPH,0.0108,10
2015-12-31,BPH,0.021,27
2016-01-31,BPH,0.2059,31
2016-02-29,BPH,0.3069,29
2016-03-31,BPH,0.254,31
2016-04-30,BPH,0.8337,30
2016-05-31,BPH,1.4108,31
2016-06-30,BPH,0.0,0
2016-07-31,BPH,0.0,0
2016-08-31,BPH,0.0,0
2016-09-30,BPH,0.0,0
2016-10-31,BPH,0.0,0
2016-11-30,BPH,0.0,0
2016-12-31,BPH,0.0,0
2017-01-31,BPH,0.0,0
2017-02-28,BPH,0.0,0
2017-03-31,BPH,0.0,0
2017-04-30,BPH,0.0,0
2017-05-31,BPH,0.0,0
2017-06-30,BPH,0.0,0
2017-07-31,BPH,0.0,0
2017-08-31,BPH,0.0,0
2017-09-30,BPH,0.0,0
2017-10-31,BPH,0.0,0
2017-11-30,BPH,0.0,0
2017-12-31,BPH,0.0,0
2018-01-31,BPH,0.0,0
2018-02-28,BPH,0.0,0
2018-03-31,BPH,0.0,0
2018-04-30,BPH,0.0,0
2018-05-31,BPH,0.0,0
2018-06-30,BPH,0.0,0
2018-07-31,BPH,0.0,0
2018-08-31,BPH,0.0,0
2018-09-30,BPH,0.0,0
2018-10-31,BPH,0.0,0
2018-11-30,BPH,0.0,0
2018-12-31,BPH,0.0,0
2019-01-31,BPH,0.0,0
2019-02-28,BPH,0.0,0
2019-03-31,BPH,0.0,0
2019-04-30,BPH,0.0,0
2019-05-31,BPH,0.0,0
2019-06-30,BPH,0.0,0
2019-07-31,BPH,0.0,0
2019-08-31,BPH,0.0,0
2019-09-30,BPH,0.0,0
2019-10-31,BPH,0.0,0
2019-11-30,BPH,0.0,0
2019-12-31,BPH,0.0,0
2020-01-31,BPH,0.0,0
2020-02-29,BPH,0.0,0
2020-03-31,BPH,0.0,0
2020-04-30,BPH,0.0,0
2020-05-31,BPH,0.0,0
2020-06-30,BPH,0.0,0
2020-07-31,BPH,0.0,0
2020-08-31,BPH,0.0,0
2020-09-30,BPH,0.0,0
2020-10-31,BPH,0.0,0
2020-11-30,BPH,0.0,0
2020-12-31,BPH,0.0,0
2021-01-31,BPH,0.0,0
2021-02-28,BPH,0.0,0
2021-03-31,BPH,0.0,0
2021-04-30,BPH,0.0,0
2021-05-31,BPH,0.0,0
2021-06-30,BPH,0.0,0
2021-07-31,BPH,0.0,0
2021-08-31,BPH,0.0,0
2021-09-30,BPH,0.0,0
2021-10-31,BPH,0.0,0
2021-11-30,BPH,0.0,0
2021-12-31,BPH,0.0,0
2022-01-31,BPH,0.0,0
2022-02-28,BPH,0.0,0
2022-03-31,BPH,0.0,0
2022-04-30,BPH,0.0,0
2022-05-31,BPH,0.0,0
2022-06-30,BPH,0.0,0
2022-07-31,BPH,0.0,0
2022-08-31,BPH,0.0,0
2022-09-30,BPH,0.0,0
2022-10-31,BPH,0.0,0
2022-11-30,BPH,0.0,0
2022-12-31,BPH,0.0,0
2023-01-31,BPH,0.0,0
2023-02-28,BPH,0.0,0
2023-03-31,BPH,0.0,0
2024-01-31,BPH,0.0,0
2024-02-29,BPH,0.0,0
2024-03-31,BPH,0.0,0
2024-04-30,BPH,0.0,0
2024-05-31,BPH,0.0,0
2024-06-30,BPH,0.0,0
2024-07-31,BPH,,0
2024-08-31,BPH,,0
2024-09-30,BPH,,0
2024-10-31,BPH,0.0,0
2024-11-30,BPH,0.0643,0
2024-12-31,BPH,0.0472,0
2025-01-31,BPH,0.0379,0
2025-02-28,BPH,0.0315,0
2025-03-31,BPH,0.0329,0
2025-04-30,BPH,0.0449,0
2025-05-31,BPH,0.0465,0
2025-06-30,BPH,0.0537,0
2025-07-31,BPH,0.0402,0
2025-08-31,BPH,0.036,0
2025-09-30,BPH,0.0406,0
1999-10-31,BUH,0.0846,0
1999-11-30,BUH,0.2792,0
1999-12-31,BUH,0.3503,0
2000-01-31,BUH,0.2308,10
2000-02-29,BUH,0.2701,0
2000-03-31,BUH,0.326,4
2000-04-30,BUH,0.3586,3
2000-05-31,BUH,0.2253,0
2000-06-30,BUH,0.1766,0
2000-07-31,BUH,0.333,0
2000-08-31,BUH,0.1544,0
2000-09-30,BUH,0.507,7
2000-10-31,BUH,0.3127,6
2000-11-30,BUH,0.1571,0
2000-12-31,BUH,0.1539,0
2001-01-31,BUH,0.0733,0
2001-02-28,BUH,0.0604,0
2001-03-31,BUH,0.2344,0
2001-04-30,BUH,0.1056,0
2001-05-31,BUH,0.0966,0
2001-06-30,BUH,0.0444,0
2001-07-31,BUH,0.0118,0
2001-08-31,BUH,0.0813,0
2001-09-30,BUH,0.063,0
2001-10-31,BUH,0.0231,0
2001-11-30,BUH,0.1061,0
2001-12-31,BUH,0.0375,0
2002-01-31,BUH,0.0118,0
2002-02-28,BUH,0.0121,0
2002-03-31,BUH,0.123,5
2002-04-30,BUH,0.0748,4
2002-05-31,BUH,0.072,2
2002-06-30,BUH,0.0243,10
2002-07-31,BUH,0.073,4
2002-08-31,BUH,0.0439,11
2002-09-30,BUH,0.0576,16
2002-10-31,BUH,0.0429,8
2002-11-30,BUH,0.0492,8
2002-12-31,BUH,0.0746,3
2003-01-31,BUH,0.0608,5
2003-02-28,BUH,0.0109,2
2003-03-31,BUH,0.013,11
2003-04-30,BUH,0.0204,2
2003-05-31,BUH,0.1607,11
2003-06-30,BUH,0.0397,10
2003-07-31,BUH,0.0123,12
2003-08-31,BUH,0.0912,16
2003-09-30,BUH,0.062,16
2003-10-31,BUH,0.0587,19
2003-11-30,BUH,0.0729,14
2003-12-31,BUH,0.0556,13
2004-01-31,BUH,0.0863,14
2004-02-29,BUH,0.0268,6
2004-03-31,BUH,0.0261,2
2004-04-30,BUH,0.0586,4
2004-05-31,BUH,0.0812,17
2004-06-30,BUH,0.0802,17
2004-07-31,BUH,0.0,0
2004-08-31,BUH,0.0,0
2004-09-30,BUH,0.0,0
2004-10-31,BUH,0.0732,18
2004-11-30,BUH,0.0639,9
2004-12-31,BUH,0.0405,8
2005-01-31,BUH,0.044,11
2005-02-28,BUH,0.0453,16
2005-03-31,BUH,0.0754,5
2005-04-30,BUH,0.0822,15
2005-05-31,BUH,0.073,8
2005-06-30,BUH,0.0809,13
2005-07-31,BUH,0.0559,6
2005-08-31,BUH,0.0412,14
2005-09-30,BUH,0.1167,14
2005-10-31,BUH,0.0881,17
2005-11-30,BUH,0.0793,4
2005-12-31,BUH,0.0499,3
2006-01-31,BUH,0.2646,7
2006-02-28,BUH,0.1167,10
2006-03-31,BUH,0.0818,10
2006-04-30,BUH,0.0532,13
2006-05-31,BUH,0.1438,13
2006-06-30,BUH,0.0894,17
2006-07-31,BUH,0.0271,19
2006-08-31,BUH,0.0058,6
2006-09-30,BUH,0.0446,9
2006-10-31,BUH,0.0374,2
2006-11-30,BUH,0.0653,8
2006-12-31,BUH,0.1751,11
2007-01-31,BUH,0.1543,18
2007-02-28,BUH,0.0704,19
2007-03-31,BUH,0.1148,4
2007-04-30,BUH,0.0534,2
2007-05-31,BUH,0.0673,5
2007-06-30,BUH,0.0239,8
2007-07-31,BUH,0.0471,0
2007-08-31,BUH,0.0372,0
2007-09-30,BUH,0.0133,1
2007-10-31,BUH,0.0051,0
2007-11-30,BUH,0.0624,0
2007-12-31,BUH,0.0044,0
2008-01-31,BUH,0.0,0
2008-02-29,BUH,0.0,0
2008-03-31,BUH,0.0,0
2008-04-30,BUH,0.0079,4
2008-05-31,BUH,0.0048,6
2008-06-30,BUH,0.0059,15
2008-07-31,BUH,0.0084,4
2008-08-31,BUH,0.0097,15
2008-09-30,BUH,0.0143,10
2008-10-31,BUH,0.0123,15
2008-11-30,BUH,0.0067,10
2008-12-31,BUH,0.0079,8
2009-01-31,BUH,0.0103,10
2009-02-28,BUH,0.0097,7
2009-03-31,BUH,0.0063,2
2009-04-30,BUH,0.007,0
2009-05-31,BUH,0.009,4
2009-06-30,BUH,0.0071,0
2009-07-31,BUH,0.0116,0
2009-08-31,BUH,0.0066,16
2009-09-30,BUH,0.0445,1
2009-10-31,BUH,0.0233,3
2009-11-30,BUH,0.0248,5
2009-12-31,BUH,0.0018,4
2010-01-31,BUH,0.0,0
2010-02-28,BUH,0.0156,3
2010-03-31,BUH,0.023,2
2010-04-30,BUH,0.0043,3
2010-05-31,BUH,0.0388,1
2010-06-30,BUH,0.0227,3
2010-07-31,BUH,0.0103,1
2010-08-31,BUH,0.0025,0
2010-09-30,BUH,0.0034,2
2010-10-31,BUH,0.0083,2
2010-11-30,BUH,0.0036,11
2010-12-31,BUH,0.0045,0
2011-01-31,BUH,0.0209,1
2011-02-28,BUH,0.0087,0
2011-03-31,BUH,0.0121,5
2011-04-30,BUH,0.0558,7
2011-05-31,BUH,0.0046,1
2011-06-30,BUH,0.0031,7
2011-07-31,BUH,0.0274,3
2011-08-31,BUH,0.0263,9
2011-09-30,BUH,0.6292,2
2011-10-31,BUH,0.0103,9
2011-11-30,BUH,0.0262,8
2011-12-31,BUH,0.009,11
2012-01-31,BUH,0.02,5
2012-02-29,BUH,0.0102,6
2012-03-31,BUH,0.0384,6
2012-04-30,BUH,0.0115,2
2012-05-31,BUH,0.0235,2
2012-06-30,BUH,0.0495,3
2012-07-31,BUH,0.0118,8
2012-08-31,BUH,0.0566,12
2012-09-30,BUH,0.6037,11
2012-10-31,BUH,0.0092,8
2012-11-30,BUH,0.0363,7
2012-12-31,BUH,0.0717,13
2013-01-31,BUH,0.0193,21
2013-02-28,BUH,0.1103,17
2013-03-31,BUH,0.0073,7
2013-04-30,BUH,0.0127,15
2013-05-31,BUH,0.0086,4
2013-06-30,BUH,0.0462,23
2013-07-31,BUH,0.0075,19
2013-08-31,BUH,0.0835,11
2013-09-30,BUH,1.8919,18
2013-10-31,BUH,0.0173,11
2013-11-30,BUH,0.022,14
2013-12-31,BUH,0.026,27
2014-01-31,BUH,0.0655,20
2014-02-28,BUH,0.0416,24
2014-03-31,BUH,0.0051,24
2014-04-30,BUH,0.0119,15
2014-05-31,BUH,0.0859,27
2014-06-30,BUH,0.0191,14
2014-07-31,BUH,0.0099,13
2014-08-31,BUH,0.0278,13
2014-09-30,BUH,0.0449,10
2014-10-31,BUH,0.0041,23
2014-11-30,BUH,0.0506,13
2014-12-31,BUH,0.0048,14
2015-01-31,BUH,0.1698,20
2015-02-28,BUH,0.0434,23
2015-03-31,BUH,0.0139,14
2015-04-30,BUH,0.1018,21
2015-05-31,BUH,0.1203,30
2015-06-30,BUH,0.1165,14
2015-07-31,BUH,0.1511,14
2015-08-31,BUH,0.0707,9
2015-09-30,BUH,0.0106,22
2015-10-31,BUH,0.0603,7
2015-11-30,BUH,0.0531,15
2015-12-31,BUH,0.0038,16
2016-01-31,BUH,0.0541,12
2016-02-29,BUH,0.0153,8
2016-03-31,BUH,0.0367,7
2016-04-30,BUH,0.0442,3
2016-05-31,BUH,0.0708,6
2016-06-30,BUH,0.049,14
2016-07-31,BUH,0.0562,9
2016-08-31,BUH,0.0172,3
2016-09-30,BUH,0.0244,2
2016-10-31,BUH,0.0185,3
2016-11-30,BUH,0.0056,0
2016-12-31,BUH,0.0004,4
2017-01-31,BUH,0.0003,2
2017-02-28,BUH,0.0001,0
2017-03-31,BUH,0.002,1
2017-04-30,BUH,0.0081,8
2017-05-31,BUH,0.0006,1
2017-06-30,BUH,0.0118,2
2017-07-31,BUH,0.0004,2
2017-08-31,BUH,0.0012,0
2017-09-30,BUH,0.0025,0
2017-10-31,BUH,0.0034,0
2017-11-30,BUH,0.0002,0
2017-12-31,BUH,0.0012,1
2018-01-31,BUH,0.0007,0
2018-02-28,BUH,0.0008,0
2018-03-31,BUH,0.0012,0
2018-04-30,BUH,0.0019,0
2018-05-31,BUH,0.0019,1
2018-06-30,BUH,0.0013,0
2018-07-31,BUH,0.0031,0
2018-08-31,BUH,0.0029,0
2018-09-30,BUH,0.0016,0
2018-10-31,BUH,3e-05,0
2018-11-30,BUH,0.003,4
2018-12-31,BUH,4e-06,1
2019-01-31,BUH,3e-05,0
2019-02-28,BUH,0.003,4
2019-03-31,BUH,4e-06,1
2019-04-30,BUH,0.0016,0
2019-05-31,BUH,0.0023,1
2019-06-30,BUH,0.0027,2
2019-07-31,BUH,0.0012,0
2019-08-31,BUH,0.0016,0
2019-09-30,BUH,0.001,0
2019-10-31,BUH,0.0036,8
2019-11-30,BUH,0.0026,1
2019-12-31,BUH,0.0021,3
2020-01-31,BUH,0.0035,4
2020-02-29,BUH,0.0082,2
2020-03-31,BUH,0.0666,3
2020-04-30,BUH,0.0204,4
2020-05-31,BUH,0.0022,3
2020-06-30,BUH,0.0047,0
2020-07-31,BUH,0.0006,0
2020-08-31,BUH,0.0009,0
2020-09-30,BUH,0.0001,0
2020-10-31,BUH,0.0034,0
2020-11-30,BUH,0.0075,1
2020-12-31,BUH,0.00095,1
2021-01-31,BUH,0.0067,3
2021-02-28,BUH,0.0042,3
2021-03-31,BUH,0.009,1
2021-04-30,BUH,0.0058,1
2021-05-31,BUH,0.0024,2
2021-06-30,BUH,0.0021,1
2021-07-31,BUH,0.0013,0
2021-08-31,BUH,0.0001,1
2021-09-30,BUH,0.0103,1
2021-10-31,BUH,0.0098,4
2021-11-30,BUH,0.0029,8
2021-12-31,BUH,0.0081,1
2022-01-31,BUH,0.0039,2
2022-02-28,BUH,0.0023,0
2022-03-31,BUH,0.005,0
2022-04-30,BUH,0.0015,0
2022-05-31,BUH,0.0052,1
2022-06-30,BUH,0.0284,1
2022-07-31,BUH,0.0018779911430622607,0
2022-08-31,BUH,0.00139984784022114,1
2022-09-30,BUH,0.00048173936455899423,0
2022-10-31,BUH,0.0009,0
2022-11-30,BUH,0.0032,0
2022-12-31,BUH,0.0018,0
2023-01-31,BUH,0.0002611224774756012,0
2023-02-28,BUH,0.009775515875338916,2
2023-03-31,BUH,0.000768680707949857,3
2024-01-31,BUH,0.020250896994964414,0
2024-02-29,BUH,0.020337811569313753,0
2024-03-31,BUH,0.0433,3
2024-04-30,BUH,0.01933811726549689,0
2024-05-31,BUH,0.0003,0
2024-06-30,BUH,0.0015,0
2024-07-31,BUH,0.0027,0
2024-08-31,BUH,0.0006,0
2024-09-30,BUH,,0
2024-10-31,BUH,0.0036,0
2024-11-30,BUH,0.003,0
2024-12-31,BUH,0.0035,0
2025-01-31,BUH,0.0004,0
2025-02-28,BUH,0.0012,0
2025-03-31,BUH,0.0002,0
2025-04-30,BUH,0.0019,0
2025-05-31,BUH,0.0027,0
2025-06-30,BUH,0.0259,0
2025-07-31,BUH,0.0036,0
2025-08-31,BUH,0.002,0
2025-09-30,BUH,0.0001,0
1999-10-31,CAPITALBK,0.1523,0
1999-11-30,CAPITALBK,0.1198,0
1999-12-31,CAPITALBK,0.1595,0
2000-01-31,CAPITALBK,0.1002,0
2000-02-29,CAPITALBK,0.061,0
2000-03-31,CAPITALBK,0.0714,0
2000-04-30,CAPITALBK,0.2349,0
2000-05-31,CAPITALBK,0.028,0
2000-06-30,CAPITALBK,0.1207,0
2000-07-31,CAPITALBK,0.1565,0
2000-08-31,CAPITALBK,0.0284,0
2000-09-30,CAPITALBK,0.0267,0
2000-10-31,CAPITALBK,0.0132,0
2000-11-30,CAPITALBK,0.0683,0
2000-12-31,CAPITALBK,0.1411,0
2001-01-31,CAPITALBK,0.2922,0
2001-02-28,CAPITALBK,0.0508,0
2001-03-31,CAPITALBK,0.0099,0
2001-04-30,CAPITALBK,0.0417,0
2001-05-31,CAPITALBK,0.0602,0
2001-06-30,CAPITALBK,0.0434,0
2001-07-31,CAPITALBK,0.0143,0
2001-08-31,CAPITALBK,0.0009,0
2001-09-30,CAPITALBK,0.0482,0
2001-10-31,CAPITALBK,0.0458,0
2001-11-30,CAPITALBK,0.06,0
2001-12-31,CAPITALBK,0.0475,1
2002-01-31,CAPITALBK,0.001,0
2002-02-28,CAPITALBK,0.0144,0
2002-03-31,CAPITALBK,0.0168,0
2002-04-30,CAPITALBK,0.0567,0
2002-05-31,CAPITALBK,0.0592,0
2002-06-30,CAPITALBK,0.0567,0
2002-07-31,CAPITALBK,0.0453,0
2002-08-31,CAPITALBK,0.0204,1
2002-09-30,CAPITALBK,0.0507,0
2002-10-31,CAPITALBK,0.0294,2
2002-11-30,CAPITALBK,0.0272,0
2002-12-31,CAPITALBK,0.0096,3
2003-01-31,CAPITALBK,0.0767,1
2003-02-28,CAPITALBK,0.0117,0
2003-03-31,CAPITALBK,0.0696,0
2003-04-30,CAPITALBK,0.0355,0
2003-05-31,CAPITALBK,0.0163,0
2003-06-30,CAPITALBK,0.0556,0
2003-07-31,CAPITALBK,0.0184,0
2003-08-31,CAPITALBK,0.0711,1
2003-09-30,CAPITALBK,0.0533,0
2003-10-31,CAPITALBK,0.0741,0
2003-11-30,CAPITALBK,0.0734,0
2003-12-31,CAPITALBK,0.056,0
2004-01-31,CAPITALBK,0.0287,1
2004-02-29,CAPITALBK,0.0027,1
2004-03-31,CAPITALBK,0.0164,0
2004-04-30,CAPITALBK,0.0049,0
2004-05-31,CAPITALBK,0.072,0
2004-06-30,CAPITALBK,0.0096,0
2004-07-31,CAPITALBK,0.0,0
2004-08-31,CAPITALBK,0.0,0
2004-09-30,CAPITALBK,0.0,0
2004-10-31,CAPITALBK,0.0841,3
2004-11-30,CAPITALBK,0.0043,2
2004-12-31,CAPITALBK,0.0813,1
2005-01-31,CAPITALBK,0.005,3
2005-02-28,CAPITALBK,0.0764,1
2005-03-31,CAPITALBK,0.0278,0
2005-04-30,CAPITALBK,0.0195,0
2005-05-31,CAPITALBK,0.0427,4
2005-06-30,CAPITALBK,0.078,0
2005-07-31,CAPITALBK,0.0124,1
2005-08-31,CAPITALBK,0.0304,0
2005-09-30,CAPITALBK,0.0248,0
2005-10-31,CAPITALBK,0.0054,0
2005-11-30,CAPITALBK,0.0166,0
2005-12-31,CAPITALBK,0.0207,2
2006-01-31,CAPITALBK,0.0266,0
2006-02-28,CAPITALBK,0.0369,0
2006-03-31,CAPITALBK,0.0591,0
2006-04-30,CAPITALBK,0.0179,2
2006-05-31,CAPITALBK,0.0416,3
2006-06-30,CAPITALBK,0.0428,0
2006-07-31,CAPITALBK,0.022,1
2006-08-31,CAPITALBK,0.0774,1
2006-09-30,CAPITALBK,0.035,0
2006-10-31,CAPITALBK,0.0327,0
2006-11-30,CAPITALBK,0.0401,0
2006-12-31,CAPITALBK,0.0547,0
2007-01-31,CAPITALBK,0.0716,0
2007-02-28,CAPITALBK,0.0803,2
2007-03-31,CAPITALBK,0.0775,13
2007-04-30,CAPITALBK,0.0163,6
2007-05-31,CAPITALBK,0.1019,11
2007-06-30,CAPITALBK,0.067,0
2007-07-31,CAPITALBK,0.0415,8
2007-08-31,CAPITALBK,0.046,0
2007-09-30,CAPITALBK,0.0715,2
2007-10-31,CAPITALBK,0.0101,0
2007-11-30,CAPITALBK,0.0259,0
2007-12-31,CAPITALBK,0.049,0
2008-01-31,CAPITALBK,0.0,0
2008-02-29,CAPITALBK,0.0,0
2008-03-31,CAPITALBK,0.0,0
2008-04-30,CAPITALBK,0.0114,19
2008-05-31,CAPITALBK,0.0242,17
2008-06-30,CAPITALBK,0.0032,16
2008-07-31,CAPITALBK,0.0069,15
2008-08-31,CAPITALBK,0.0053,20
2008-09-30,CAPITALBK,0.0498,20
2008-10-31,CAPITALBK,0.0351,29
2008-11-30,CAPITALBK,0.0199,13
2008-12-31,CAPITALBK,0.0077,10
2009-01-31,CAPITALBK,0.0054,1
2009-02-28,CAPITALBK,0.0077,4
2009-03-31,CAPITALBK,0.0079,4
2009-04-30,CAPITALBK,0.0149,7
2009-05-31,CAPITALBK,0.0157,7
2009-06-30,CAPITALBK,0.0142,7
2009-07-31,CAPITALBK,0.0115,7
2009-08-31,CAPITALBK,0.0097,0
2009-09-30,CAPITALBK,0.0013,1
2009-10-31,CAPITALBK,0.0006,1
2009-11-30,CAPITALBK,0.0029,1
2009-12-31,CAPITALBK,0.0025,2
2010-01-31,CAPITALBK,0.0,0
2010-02-28,CAPITALBK,0.0059,6
2010-03-31,CAPITALBK,0.0027,5
2010-04-30,CAPITALBK,0.0155,7
2010-05-31,CAPITALBK,0.0156,1
2010-06-30,CAPITALBK,0.0126,1
2010-07-31,CAPITALBK,0.0101,1
2010-08-31,CAPITALBK,0.0094,3
2010-09-30,CAPITALBK,0.0187,4
2010-10-31,CAPITALBK,0.0268,9
2010-11-30,CAPITALBK,0.0131,5
2010-12-31,CAPITALBK,0.0087,4
2011-01-31,CAPITALBK,0.0105,2
2011-02-28,CAPITALBK,0.0121,4
2011-03-31,CAPITALBK,0.0161,2
2011-04-30,CAPITALBK,0.0112,1
2011-05-31,CAPITALBK,0.0024,1
2011-06-30,CAPITALBK,0.0,0
2011-07-31,CAPITALBK,0.0104,0
2011-08-31,CAPITALBK,0.013,1
2011-09-30,CAPITALBK,0.0116,4
2011-10-31,CAPITALBK,0.0168,1
2011-11-30,CAPITALBK,0.0051,1
2011-12-31,CAPITALBK,0.0057,3
2012-01-31,CAPITALBK,0.0143,0
2012-02-29,CAPITALBK,0.0053,7
2012-03-31,CAPITALBK,0.013,2
2012-04-30,CAPITALBK,0.0173,7
2012-05-31,CAPITALBK,0.0176,1
2012-06-30,CAPITALBK,0.0141,2
2012-07-31,CAPITALBK,0.0086,1
2012-08-31,CAPITALBK,0.0067,4
2012-09-30,CAPITALBK,0.0268,7
2012-10-31,CAPITALBK,0.0083,8
2012-11-30,CAPITALBK,0.2214,11
2012-12-31,CAPITALBK,0.0234,22
2013-01-31,CAPITALBK,0.0066,13
2013-02-28,CAPITALBK,0.0235,6
2013-03-31,CAPITALBK,0.013,6
2013-04-30,CAPITALBK,0.0043,0
2013-05-31,CAPITALBK,0.0066,1
2013-06-30,CAPITALBK,0.0272,8
2013-07-31,CAPITALBK,0.022,4
2013-08-31,CAPITALBK,0.0086,1
2013-09-30,CAPITALBK,0.0056,4
2013-10-31,CAPITALBK,0.0053,1
2013-11-30,CAPITALBK,0.0128,4
2013-12-31,CAPITALBK,0.0079,1
2014-01-31,CAPITALBK,0.0139,1
2014-02-28,CAPITALBK,0.0204,4
2014-03-31,CAPITALBK,0.0066,3
2014-04-30,CAPITALBK,0.0068,3
2014-05-31,CAPITALBK,0.0051,1
2014-06-30,CAPITALBK,0.0069,0
2014-07-31,CAPITALBK,0.0238,1
2014-08-31,CAPITALBK,0.0169,1
2014-09-30,CAPITALBK,0.0075,2
2014-10-31,CAPITALBK,0.0031,0
2014-11-30,CAPITALBK,0.0033,0
2014-12-31,CAPITALBK,0.0096,0
2015-01-31,CAPITALBK,0.0158,3
2015-02-28,CAPITALBK,0.0048,0
2015-03-31,CAPITALBK,0.0086,0
2015-04-30,CAPITALBK,0.0019,5
2015-05-31,CAPITALBK,0.0285,3
2015-06-30,CAPITALBK,0.0058,0
2015-07-31,CAPITALBK,0.0054,1
2015-08-31,CAPITALBK,0.0026,3
2015-09-30,CAPITALBK,0.0095,3
2015-10-31,CAPITALBK,0.0059,0
2015-11-30,CAPITALBK,0.0066,3
2015-12-31,CAPITALBK,0.0028,13
2016-01-31,CAPITALBK,0.0035,4
2016-02-29,CAPITALBK,0.0152,7
2016-03-31,CAPITALBK,0.0101,7
2016-04-30,CAPITALBK,0.0047,1
2016-05-31,CAPITALBK,0.0027,4
2016-06-30,CAPITALBK,0.0104,0
2016-07-31,CAPITALBK,0.0137,3
2016-08-31,CAPITALBK,0.005,3
2016-09-30,CAPITALBK,0.0218,16
2016-10-31,CAPITALBK,0.0059,25
2016-11-30,CAPITALBK,0.008,12
2016-12-31,CAPITALBK,0.0099,17
2017-01-31,CAPITALBK,0.0073,18
2017-02-28,CAPITALBK,0.0095,12
2017-03-31,CAPITALBK,0.0152,20
2017-04-30,CAPITALBK,0.0063,20
2017-05-31,CAPITALBK,0.0063,17
2017-06-30,CAPITALBK,0.01,16
2017-07-31,CAPITALBK,0.0046,11
2017-08-31,CAPITALBK,0.003,6
2017-09-30,CAPITALBK,0.0043,8
2017-10-31,CAPITALBK,0.0032,5
2017-11-30,CAPITALBK,0.0002,8
2017-12-31,CAPITALBK,0.0082,10
2018-01-31,CAPITALBK,0.0066,10
2018-02-28,CAPITALBK,0.0026,6
2018-03-31,CAPITALBK,0.0095,5
2018-04-30,CAPITALBK,0.0024,8
2018-05-31,CAPITALBK,0.0065,9
2018-06-30,CAPITALBK,0.0076,15
2018-07-31,CAPITALBK,0.0098,12
2018-08-31,CAPITALBK,0.0049,10
2018-09-30,CAPITALBK,0.0032,12
2018-10-31,CAPITALBK,0.0018,2
2018-11-30,CAPITALBK,0.0018,16
2018-12-31,CAPITALBK,0.0023,4
2019-01-31,CAPITALBK,0.0018,2
2019-02-28,CAPITALBK,0.0018,16
2019-03-31,CAPITALBK,0.0023,4
2019-04-30,CAPITALBK,0.003,4
2019-05-31,CAPITALBK,0.0027,5
2019-06-30,CAPITALBK,0.0041,8
2019-07-31,CAPITALBK,0.0024,5
2019-08-31,CAPITALBK,0.0006,9
2019-09-30,CAPITALBK,0.0286,10
2019-10-31,CAPITALBK,0.0093,29
2019-11-30,CAPITALBK,0.011,14
2019-12-31,CAPITALBK,0.0006,6
2020-01-31,CAPITALBK,0.0023,2
2020-02-29,CAPITALBK,0.0036,0
2020-03-31,CAPITALBK,0.0009,6
2020-04-30,CAPITALBK,0.0021,8
2020-05-31,CAPITALBK,0.0032,8
2020-06-30,CAPITALBK,0.0061,6
2020-07-31,CAPITALBK,0.006,7
2020-08-31,CAPITALBK,0.0467,21
2020-09-30,CAPITALBK,0.0176,27
2020-10-31,CAPITALBK,0.0015,14
2020-11-30,CAPITALBK,0.0035,5
2020-12-31,CAPITALBK,0.0009,5
2021-01-31,CAPITALBK,0.0006,3
2021-02-28,CAPITALBK,0.003,1
2021-03-31,CAPITALBK,0.0016,1
2021-04-30,CAPITALBK,0.0017,1
2021-05-31,CAPITALBK,0.0041,0
2021-06-30,CAPITALBK,0.00241,1
2021-07-31,CAPITALBK,0.0005,4
2021-08-31,CAPITALBK,0.0021,1
2021-09-30,CAPITALBK,0.0003,0
2021-10-31,CAPITALBK,0.0012,0
2021-11-30,CAPITALBK,0.0027,2
2021-12-31,CAPITALBK,0.0004,1
2022-01-31,CAPITALBK,0.0024,0
2022-02-28,CAPITALBK,0.0017,2
2022-03-31,CAPITALBK,0.0002,0
2022-04-30,CAPITALBK,0.0009,0
2022-05-31,CAPITALBK,0.0015,0
2022-06-30,CAPITALBK,0.0012,0
2022-07-31,CAPITALBK,0.0019059168076808223,0
2022-08-31,CAPITALBK,0.0021644191182619366,2
2022-09-30,CAPITALBK,0.0009702398210242237,0
2022-10-31,CAPITALBK,0.0017,5
2022-11-30,CAPITALBK,0.005,6
2022-12-31,CAPITALBK,0.0172,31
2023-01-31,CAPITALBK,0.030542466683730524,31
2023-02-28,CAPITALBK,0.00024327102751705616,14
2023-03-31,CAPITALBK,0.01792053269627394,31
2024-01-31,CAPITALBK,0.0020610832804858945,0
2024-02-29,CAPITALBK,,0
2024-03-31,CAPITALBK,,31
2024-04-30,CAPITALBK,0.0068,0
2024-05-31,CAPITALBK,0.0058,0
2024-06-30,CAPITALBK,0.0014,0
2024-07-31,CAPITALBK,,0
2024-08-31,CAPITALBK,,0
2024-09-30,CAPITALBK,,0
2024-10-31,CAPITALBK,,0
2024-11-30,CAPITALBK,0.0035,0
2024-12-31,CAPITALBK,0.0046,0
2025-01-31,CAPITALBK,0.0006,0
2025-02-28,CAPITALBK,0.0017,0
2025-03-31,CAPITALBK,0.0049,0
2025-04-30,CAPITALBK,0.001,0
2025-05-31,CAPITALBK,0.0006,0
2025-06-30,CAPITALBK,0.0023,0
2025-07-31,CAPITALBK,0.0016,0
2025-08-31,CAPITALBK,0.0008,0
2025-09-30,CAPITALBK,0.0,0
1999-10-31,CBNA,0.015,0
1999-11-30,CBNA,0.1773,0
1999-12-31,CBNA,0.1901,0
2000-01-31,CBNA,0.0839,0
2000-02-29,CBNA,0.0703,0
2000-03-31,CBNA,0.2515,0
2000-04-30,CBNA,0.0861,0
2000-05-31,CBNA,0.0416,0
2000-06-30,CBNA,0.0778,0
2000-07-31,CBNA,0.1187,0
2000-08-31,CBNA,0.0128,0
2000-09-30,CBNA,0.1711,0
2000-10-31,CBNA,0.031,0
2000-11-30,CBNA,0.0767,0
2000-12-31,CBNA,0.0106,0
2001-01-31,CBNA,0.4073,3
2001-02-28,CBNA,0.2481,5
2001-03-31,CBNA,0.3332,0
2001-04-30,CBNA,0.1271,0
2001-05-31,CBNA,0.0587,0
2001-06-30,CBNA,0.0444,0
2001-07-31,CBNA,0.0276,0
2001-08-31,CBNA,0.0388,0
2001-09-30,CBNA,0.0109,0
2001-10-31,CBNA,0.1605,0
2001-11-30,CBNA,0.0714,0
2001-12-31,CBNA,0.0038,0
2002-01-31,CBNA,0.0345,1
2002-02-28,CBNA,0.0347,0
2002-03-31,CBNA,0.0489,0
2002-04-30,CBNA,0.005,0
2002-05-31,CBNA,0.0295,0
2002-06-30,CBNA,0.0789,0
2002-07-31,CBNA,0.0161,4
2002-08-31,CBNA,0.0915,4
2002-09-30,CBNA,0.0123,3
2002-10-31,CBNA,0.026,1
2002-11-30,CBNA,0.0831,4
2002-12-31,CBNA,0.0554,14
2003-01-31,CBNA,0.0528,6
2003-02-28,CBNA,0.0584,10
2003-03-31,CBNA,0.1291,19
2003-04-30,CBNA,0.0429,16
2003-05-31,CBNA,0.0372,1
2003-06-30,CBNA,0.0034,0
2003-07-31,CBNA,0.042,1
2003-08-31,CBNA,0.1032,3
2003-09-30,CBNA,0.0732,3
2003-10-31,CBNA,0.0055,4
2003-11-30,CBNA,0.0302,3
2003-12-31,CBNA,0.0708,5
2004-01-31,CBNA,0.0159,16
2004-02-29,CBNA,0.1508,12
2004-03-31,CBNA,0.0545,15
2004-04-30,CBNA,0.0274,4
2004-05-31,CBNA,0.0566,0
2004-06-30,CBNA,0.0723,1
2004-07-31,CBNA,0.0,0
2004-08-31,CBNA,0.0,0
2004-09-30,CBNA,0.0,0
2004-10-31,CBNA,0.0062,1
2004-11-30,CBNA,0.0077,0
2004-12-31,CBNA,0.0902,1
2005-01-31,CBNA,0.0118,4
2005-02-28,CBNA,0.0501,0
2005-03-31,CBNA,0.0709,0
2005-04-30,CBNA,0.017,3
2005-05-31,CBNA,0.0444,0
2005-06-30,CBNA,0.008,3
2005-07-31,CBNA,0.05,0
2005-08-31,CBNA,0.0644,0
2005-09-30,CBNA,0.0054,0
2005-10-31,CBNA,0.0032,1
2005-11-30,CBNA,0.0063,0
2005-12-31,CBNA,0.0534,0
2006-01-31,CBNA,0.0351,0
2006-02-28,CBNA,0.0365,0
2006-03-31,CBNA,0.0423,1
2006-04-30,CBNA,0.0058,0
2006-05-31,CBNA,0.0271,0
2006-06-30,CBNA,0.0237,0
2006-07-31,CBNA,0.0067,3
2006-08-31,CBNA,0.0054,0
2006-09-30,CBNA,0.0244,1
2006-10-31,CBNA,0.0154,0
2006-11-30,CBNA,0.0017,0
2006-12-31,CBNA,0.0249,0
2007-01-31,CBNA,0.0236,1
2007-02-28,CBNA,0.0416,0
2007-03-31,CBNA,0.0208,0
2007-04-30,CBNA,0.0107,0
2007-05-31,CBNA,0.0219,0
2007-06-30,CBNA,0.0269,0
2007-07-31,CBNA,0.0114,1
2007-08-31,CBNA,0.0186,0
2007-09-30,CBNA,0.0522,0
2007-10-31,CBNA,0.0156,0
2007-11-30,CBNA,0.0167,0
2007-12-31,CBNA,0.0454,0
2008-01-31,CBNA,0.0,0
2008-02-29,CBNA,0.0,0
2008-03-31,CBNA,0.0,0
2008-04-30,CBNA,0.0139,2
2008-05-31,CBNA,0.0025,1
2008-06-30,CBNA,0.0058,2
2008-07-31,CBNA,0.0211,4
2008-08-31,CBNA,0.0162,3
2008-09-30,CBNA,0.142,5
2008-10-31,CBNA,0.0199,3
2008-11-30,CBNA,0.0011,6
2008-12-31,CBNA,0.0089,4
2009-01-31,CBNA,0.0068,3
2009-02-28,CBNA,0.006,3
2009-03-31,CBNA,0.006,5
2009-04-30,CBNA,0.0066,0
2009-05-31,CBNA,0.0071,1
2009-06-30,CBNA,0.0056,1
2009-07-31,CBNA,0.0045,1
2009-08-31,CBNA,0.039,2
2009-09-30,CBNA,0.002,0
2009-10-31,CBNA,0.0354,1
2009-11-30,CBNA,0.0303,4
2009-12-31,CBNA,0.0071,2
2010-01-31,CBNA,0.0,0
2010-02-28,CBNA,0.0152,25
2010-03-31,CBNA,0.0276,5
2010-04-30,CBNA,0.0014,5
2010-05-31,CBNA,0.0143,3
2010-06-30,CBNA,0.0203,9
2010-07-31,CBNA,0.0047,12
2010-08-31,CBNA,0.0202,13
2010-09-30,CBNA,0.0319,11
2010-10-31,CBNA,0.0032,10
2010-11-30,CBNA,0.0252,5
2010-12-31,CBNA,0.0186,10
2011-01-31,CBNA,0.0029,5
2011-02-28,CBNA,0.0379,15
2011-03-31,CBNA,0.0561,11
2011-04-30,CBNA,0.0527,17
2011-05-31,CBNA,0.0061,5
2011-06-30,CBNA,0.0327,9
2011-07-31,CBNA,0.0059,20
2011-08-31,CBNA,0.0154,15
2011-09-30,CBNA,0.005,7
2011-10-31,CBNA,0.02,12
2011-11-30,CBNA,0.0071,12
2011-12-31,CBNA,0.0408,12
2012-01-31,CBNA,0.0047,8
2012-02-29,CBNA,0.0065,3
2012-03-31,CBNA,0.0147,4
2012-04-30,CBNA,0.0097,16
2012-05-31,CBNA,0.0126,5
2012-06-30,CBNA,0.022,13
2012-07-31,CBNA,0.0329,10
2012-08-31,CBNA,0.0167,8
2012-09-30,CBNA,0.0033,8
2012-10-31,CBNA,0.0012,10
2012-11-30,CBNA,0.0142,9
2012-12-31,CBNA,0.0195,2
2013-01-31,CBNA,0.0104,8
2013-02-28,CBNA,0.0222,4
2013-03-31,CBNA,0.0162,10
2013-04-30,CBNA,0.0089,7
2013-05-31,CBNA,0.0086,6
2013-06-30,CBNA,0.0159,1
2013-07-31,CBNA,0.0147,0
2013-08-31,CBNA,0.0227,10
2013-09-30,CBNA,0.0177,5
2013-10-31,CBNA,0.0017,7
2013-11-30,CBNA,0.0019,9
2013-12-31,CBNA,0.0055,7
2014-01-31,CBNA,0.0525,6
2014-02-28,CBNA,0.0106,6
2014-03-31,CBNA,0.0048,3
2014-04-30,CBNA,0.0213,1
2014-05-31,CBNA,0.0032,1
2014-06-30,CBNA,0.0023,0
2014-07-31,CBNA,0.0069,0
2014-08-31,CBNA,0.0095,0
2014-09-30,CBNA,0.0098,1
2014-10-31,CBNA,0.0144,1
2014-11-30,CBNA,0.0088,0
2014-12-31,CBNA,0.0108,0
2015-01-31,CBNA,0.0041,0
2015-02-28,CBNA,0.0059,0
2015-03-31,CBNA,0.013,0
2015-04-30,CBNA,0.0011,0
2015-05-31,CBNA,0.0118,0
2015-06-30,CBNA,0.011,0
2015-07-31,CBNA,0.0138,7
2015-08-31,CBNA,0.0166,3
2015-09-30,CBNA,0.0151,0
2015-10-31,CBNA,0.0135,0
2015-11-30,CBNA,0.0136,0
2015-12-31,CBNA,0.0177,1
2016-01-31,CBNA,0.0169,0
2016-02-29,CBNA,0.0174,0
2016-03-31,CBNA,0.0142,1
2016-04-30,CBNA,0.0163,0
2016-05-31,CBNA,0.0049,1
2016-06-30,CBNA,0.0185,2
2016-07-31,CBNA,0.0066,20
2016-08-31,CBNA,0.0074,6
2016-09-30,CBNA,0.0099,4
2016-10-31,CBNA,0.0037,8
2016-11-30,CBNA,0.0114,4
2016-12-31,CBNA,0.0048,11
2017-01-31,CBNA,0.0101,10
2017-02-28,CBNA,0.01,20
2017-03-31,CBNA,0.0104,18
2017-04-30,CBNA,0.0032,17
2017-05-31,CBNA,0.0067,1
2017-06-30,CBNA,0.0055,11
2017-07-31,CBNA,0.0135,3
2017-08-31,CBNA,0.0104,3
2017-09-30,CBNA,0.0231,6
2017-10-31,CBNA,0.0007,5
2017-11-30,CBNA,0.0028,0
2017-12-31,CBNA,0.0032,0
2018-01-31,CBNA,0.0049,3
2018-02-28,CBNA,0.0024,4
2018-03-31,CBNA,0.0046,1
2018-04-30,CBNA,0.0062,1
2018-05-31,CBNA,0.0033,5
2018-06-30,CBNA,0.0026,3
2018-07-31,CBNA,0.0022,1
2018-08-31,CBNA,0.0025,0
2018-09-30,CBNA,0.0028,2
2018-10-31,CBNA,0.0012,0
2018-11-30,CBNA,0.0003,0
2018-12-31,CBNA,0.0022,0
2019-01-31,CBNA,0.0012,0
2019-02-28,CBNA,0.0003,0
2019-03-31,CBNA,0.0022,0
2019-04-30,CBNA,0.0002,0
2019-05-31,CBNA,0.0002,0
2019-06-30,CBNA,0.0019,4
2019-07-31,CBNA,0.0028,4
2019-08-31,CBNA,0.0045,0
2019-09-30,CBNA,0.0023,0
2019-10-31,CBNA,0.0091,14
2019-11-30,CBNA,0.0068,7
2019-12-31,CBNA,0.0032,0
2020-01-31,CBNA,0.0006,3
2020-02-29,CBNA,0.002,1
2020-03-31,CBNA,0.0022,0
2020-04-30,CBNA,0.0038,0
2020-05-31,CBNA,0.0019,0
2020-06-30,CBNA,0.0008,0
2020-07-31,CBNA,0.0015,0
2020-08-31,CBNA,0.0006,0
2020-09-30,CBNA,0.0005,0
2020-10-31,CBNA,0.0002,0
2020-11-30,CBNA,0.0001,0
2020-12-31,CBNA,0.0023,0
2021-01-31,CBNA,0.0006,1
2021-02-28,CBNA,0.0002,0
2021-03-31,CBNA,0.0002,0
2021-04-30,CBNA,4.809550898139804e-05,0
2021-05-31,CBNA,0.0033,0
2021-06-30,CBNA,0.0001,0
2021-07-31,CBNA,0.0008,1
2021-08-31,CBNA,0.0004,0
2021-09-30,CBNA,0.0006,0
2021-10-31,CBNA,0.0001,0
2021-11-30,CBNA,0.0011,0
2021-12-31,CBNA,0.0003,0
2022-01-31,CBNA,0.0,0
2022-02-28,CBNA,0.0002,0
2022-03-31,CBNA,0.0001,0
2022-04-30,CBNA,0.0002,1
2022-05-31,CBNA,0.0,1
2022-06-30,CBNA,0.0001,0
2022-07-31,CBNA,1.3669491020671979e-05,0
2022-08-31,CBNA,6.691568402847967e-05,0
2022-09-30,CBNA,0.001230597466478,0
2022-10-31,CBNA,0.0001,0
2022-11-30,CBNA,0.0003,5
2022-12-31,CBNA,0.0001,0
2023-01-31,CBNA,0.00010808832096859839,0
2023-02-28,CBNA,0.0005765982186822394,2
2023-03-31,CBNA,0.0006105656461380304,0
2024-01-31,CBNA,,0
2024-02-29,CBNA,,0
2024-03-31,CBNA,0.0,0
2024-04-30,CBNA,,0
2024-05-31,CBNA,0.0001,0
2024-06-30,CBNA,0.0015,0
2024-07-31,CBNA,0.0014,0
2024-08-31,CBNA,0.0005,0
2024-09-30,CBNA,0.0003,0
2024-10-31,CBNA,0.0,0
2024-11-30,CBNA,0.0,0
2024-12-31,CBNA,0.0,0
2025-01-31,CBNA,0.0,0
2025-02-28,CBNA,0.0,0
2025-03-31,CBNA,0.0,0
2025-04-30,CBNA,,0
2025-05-31,CBNA,,0
2025-06-30,CBNA,,0
2025-07-31,CBNA,,0
2025-08-31,CBNA,,0
2025-09-30,CBNA,,0
1999-10-31,PROMOBK,0.4714,5
1999-11-30,PROMOBK,0.1962,4
1999-12-31,PROMOBK,0.0,0
2000-01-31,PROMOBK,0.1252,0
2000-02-29,PROMOBK,0.5066,2
2000-03-31,PROMOBK,0.3064,12
2000-04-30,PROMOBK,0.3061,7
2000-05-31,PROMOBK,0.1924,7
2000-06-30,PROMOBK,0.2857,0
2000-07-31,PROMOBK,0.3546,0
2000-08-31,PROMOBK,0.2768,0
2000-09-30,PROMOBK,0.1593,0
2000-10-31,PROMOBK,0.1958,0
2000-11-30,PROMOBK,0.1202,0
2000-12-31,PROMOBK,0.1253,0
2001-01-31,PROMOBK,0.1415,0
2001-02-28,PROMOBK,0.138,0
2001-03-31,PROMOBK,0.2505,0
2001-04-30,PROMOBK,0.2116,0
2001-05-31,PROMOBK,0.1982,0
2001-06-30,PROMOBK,0.2759,0
2001-07-31,PROMOBK,0.2735,1
2001-08-31,PROMOBK,0.3673,5
2001-09-30,PROMOBK,0.4174,6
2001-10-31,PROMOBK,0.3769,15
2001-11-30,PROMOBK,0.3892,4
2001-12-31,PROMOBK,0.068,16
2002-01-31,PROMOBK,0.0477,9
2002-02-28,PROMOBK,0.6434,14
2002-03-31,PROMOBK,0.0352,9
2002-04-30,PROMOBK,0.0936,5
2002-05-31,PROMOBK,0.1172,15
2002-06-30,PROMOBK,0.0368,6
2002-07-31,PROMOBK,0.028,0
2002-08-31,PROMOBK,0.0758,14
2002-09-30,PROMOBK,0.0569,2
2002-10-31,PROMOBK,0.0636,4
2002-11-30,PROMOBK,0.1151,4
2002-12-31,PROMOBK,0.115,11
2003-01-31,PROMOBK,0.1018,6
2003-02-28,PROMOBK,0.053,1
2003-03-31,PROMOBK,0.0916,4
2003-04-30,PROMOBK,0.0752,4
2003-05-31,PROMOBK,0.0551,1
2003-06-30,PROMOBK,0.079,1
2003-07-31,PROMOBK,0.1482,7
2003-08-31,PROMOBK,0.0692,10
2003-09-30,PROMOBK,0.0533,0
2003-10-31,PROMOBK,0.0751,13
2003-11-30,PROMOBK,0.0809,7
2003-12-31,PROMOBK,0.0652,28
2004-01-31,PROMOBK,0.0822,3
2004-02-29,PROMOBK,0.0672,1
2004-03-31,PROMOBK,0.0289,3
2004-04-30,PROMOBK,0.0812,5
2004-05-31,PROMOBK,0.0559,2
2004-06-30,PROMOBK,0.0526,1
2004-07-31,PROMOBK,0.0,0
2004-08-31,PROMOBK,0.0,0
2004-09-30,PROMOBK,0.0,0
2004-10-31,PROMOBK,0.0784,9
2004-11-30,PROMOBK,0.0718,0
2004-12-31,PROMOBK,0.088,4
2005-01-31,PROMOBK,0.0638,4
2005-02-28,PROMOBK,0.0653,3
2005-03-31,PROMOBK,0.0339,1
2005-04-30,PROMOBK,0.0611,0
2005-05-31,PROMOBK,0.0723,0
2005-06-30,PROMOBK,0.0894,1
2005-07-31,PROMOBK,0.0489,4
2005-08-31,PROMOBK,0.0748,5
2005-09-30,PROMOBK,0.0327,0
2005-10-31,PROMOBK,0.0626,0
2005-11-30,PROMOBK,0.0296,0
2005-12-31,PROMOBK,0.0694,0
2006-01-31,PROMOBK,0.0651,0
2006-02-28,PROMOBK,0.0437,9
2006-03-31,PROMOBK,0.0298,12
2006-04-30,PROMOBK,0.0838,7
2006-05-31,PROMOBK,0.0322,9
2006-06-30,PROMOBK,0.0362,5
2006-07-31,PROMOBK,0.1272,1
2006-08-31,PROMOBK,0.0139,4
2006-09-30,PROMOBK,0.0871,9
1999-10-31,SCOTIA,0.2531,0
1999-11-30,SCOTIA,0.061,0
1999-12-31,SCOTIA,0.0795,0
2000-01-31,SCOTIA,0.1183,0
2000-02-29,SCOTIA,0.0763,0
2000-03-31,SCOTIA,0.0783,0
2000-04-30,SCOTIA,0.0496,0
2000-05-31,SCOTIA,0.0919,0
2000-06-30,SCOTIA,0.0725,0
2000-07-31,SCOTIA,0.0535,0
2000-08-31,SCOTIA,0.0383,0
2000-09-30,SCOTIA,0.0708,0
2000-10-31,SCOTIA,0.1373,0
2000-11-30,SCOTIA,0.0345,0
2000-12-31,SCOTIA,0.0336,0
2001-01-31,SCOTIA,0.0307,0
2001-02-28,SCOTIA,0.0374,0
2001-03-31,SCOTIA,0.0642,0
2001-04-30,SCOTIA,0.0665,0
2001-05-31,SCOTIA,0.0115,0
2001-06-30,SCOTIA,0.0272,0
2001-07-31,SCOTIA,0.0416,0
2001-08-31,SCOTIA,0.0316,0
2001-09-30,SCOTIA,0.0264,0
2001-10-31,SCOTIA,0.049,0
2001-11-30,SCOTIA,0.0456,0
2001-12-31,SCOTIA,0.8306,28
2002-01-31,SCOTIA,0.0581,14
2002-02-28,SCOTIA,0.0327,1
2002-03-31,SCOTIA,0.0357,0
2002-04-30,SCOTIA,0.0082,0
2002-05-31,SCOTIA,0.0692,0
2002-06-30,SCOTIA,0.0206,0
2002-07-31,SCOTIA,0.0386,0
2002-08-31,SCOTIA,0.0153,6
2002-09-30,SCOTIA,0.0474,2
2002-10-31,SCOTIA,0.0795,4
2002-11-30,SCOTIA,0.0779,0
2002-12-31,SCOTIA,0.074,7
2003-01-31,SCOTIA,0.1005,12
2003-02-28,SCOTIA,0.0341,2
2003-03-31,SCOTIA,0.08,1
2003-04-30,SCOTIA,0.0627,0
2003-05-31,SCOTIA,0.0331,2
2003-06-30,SCOTIA,0.1083,8
2003-07-31,SCOTIA,0.035,2
2003-08-31,SCOTIA,0.0305,0
2003-09-30,SCOTIA,0.0515,1
2003-10-31,SCOTIA,0.031,7
2003-11-30,SCOTIA,0.0349,1
2003-12-31,SCOTIA,0.0341,1
2004-01-31,SCOTIA,0.0477,0
2004-02-29,SCOTIA,0.0169,1
2004-03-31,SCOTIA,0.0358,10
2004-04-30,SCOTIA,0.0661,0
2004-05-31,SCOTIA,0.0159,0
2004-06-30,SCOTIA,0.0218,0
2004-07-31,SCOTIA,0.0,0
2004-08-31,SCOTIA,0.0,0
2004-09-30,SCOTIA,0.0,0
2004-10-31,SCOTIA,0.1082,8
2004-11-30,SCOTIA,0.0785,3
2004-12-31,SCOTIA,0.0553,2
2005-01-31,SCOTIA,0.0781,4
2005-02-28,SCOTIA,0.0189,0
2005-03-31,SCOTIA,0.0129,0
2005-04-30,SCOTIA,0.0757,1
2005-05-31,SCOTIA,0.0209,0
2005-06-30,SCOTIA,0.0485,0
2005-07-31,SCOTIA,0.092,6
2005-08-31,SCOTIA,0.0443,0
2005-09-30,SCOTIA,0.0642,0
2005-10-31,SCOTIA,0.1252,5
2005-11-30,SCOTIA,0.0615,0
2005-12-31,SCOTIA,0.0887,9
2006-01-31,SCOTIA,0.1142,17
2006-02-28,SCOTIA,0.0648,3
2006-03-31,SCOTIA,0.0655,0
2006-04-30,SCOTIA,0.0508,6
2006-05-31,SCOTIA,0.0136,2
2006-06-30,SCOTIA,0.0387,0
2006-07-31,SCOTIA,0.0497,0
2006-08-31,SCOTIA,0.0429,1
2006-09-30,SCOTIA,0.0562,0
2006-10-31,SCOTIA,0.0705,0
2006-11-30,SCOTIA,0.0384,5
2006-12-31,SCOTIA,0.0461,1
2007-01-31,SCOTIA,0.0143,0
2007-02-28,SCOTIA,0.0473,0
2007-03-31,SCOTIA,0.0188,0
2007-04-30,SCOTIA,0.0106,0
2007-05-31,SCOTIA,0.0183,0
2007-06-30,SCOTIA,0.0216,0
2007-07-31,SCOTIA,0.0095,0
2007-08-31,SCOTIA,0.0301,0
2007-09-30,SCOTIA,0.0175,0
2007-10-31,SCOTIA,0.0294,0
2007-11-30,SCOTIA,0.0444,0
2007-12-31,SCOTIA,0.0497,0
2008-01-31,SCOTIA,0.0,0
2008-02-29,SCOTIA,0.0,0
2008-03-31,SCOTIA,0.0,0
2008-04-30,SCOTIA,0.0189,13
2008-05-31,SCOTIA,0.0084,11
2008-06-30,SCOTIA,0.0046,5
2008-07-31,SCOTIA,0.008,5
2008-08-31,SCOTIA,0.0226,7
2008-09-30,SCOTIA,0.0114,3
2008-10-31,SCOTIA,0.0076,1
2008-11-30,SCOTIA,0.0111,5
2008-12-31,SCOTIA,0.0063,11
2009-01-31,SCOTIA,0.0066,6
2009-02-28,SCOTIA,0.0064,1
2009-03-31,SCOTIA,0.0046,0
2009-04-30,SCOTIA,0.0085,0
2009-05-31,SCOTIA,0.0087,0
2009-06-30,SCOTIA,0.0075,3
2009-07-31,SCOTIA,0.0145,0
2009-08-31,SCOTIA,0.0069,0
2009-09-30,SCOTIA,0.007,0
2009-10-31,SCOTIA,0.0099,0
2009-11-30,SCOTIA,0.0044,0
2009-12-31,SCOTIA,0.0072,0
2010-01-31,SCOTIA,0.0,0
2010-02-28,SCOTIA,0.0125,3
2010-03-31,SCOTIA,0.0214,5
2010-04-30,SCOTIA,0.0309,13
2010-05-31,SCOTIA,0.0112,4
2010-06-30,SCOTIA,0.0129,1
2010-07-31,SCOTIA,0.0035,5
2010-08-31,SCOTIA,0.0091,0
2010-09-30,SCOTIA,0.0104,0
2010-10-31,SCOTIA,0.0155,3
2010-11-30,SCOTIA,0.0148,0
2010-12-31,SCOTIA,0.0104,6
2011-01-31,SCOTIA,0.0042,0
2011-02-28,SCOTIA,0.0167,0
2011-03-31,SCOTIA,0.0227,1
2011-04-30,SCOTIA,0.0056,0
2011-05-31,SCOTIA,0.0034,0
2011-06-30,SCOTIA,0.0024,9
2011-07-31,SCOTIA,0.006,0
2011-08-31,SCOTIA,0.0021,4
2011-09-30,SCOTIA,0.0079,0
2011-10-31,SCOTIA,0.0086,0
2011-11-30,SCOTIA,0.0038,0
2011-12-31,SCOTIA,0.0123,0
2012-01-31,SCOTIA,0.0111,0
2012-02-29,SCOTIA,0.0022,0
2012-03-31,SCOTIA,0.0176,0
2012-04-30,SCOTIA,0.0137,1
2012-05-31,SCOTIA,0.0055,0
2012-06-30,SCOTIA,0.0018,0
2012-07-31,SCOTIA,0.0116,0
2012-08-31,SCOTIA,0.017,0
2012-09-30,SCOTIA,0.0036,0
2012-10-31,SCOTIA,0.0057,0
2012-11-30,SCOTIA,0.0183,0
2012-12-31,SCOTIA,0.0077,3
2013-01-31,SCOTIA,0.0136,1
2013-02-28,SCOTIA,0.0035,0
2013-03-31,SCOTIA,0.0089,0
2013-04-30,SCOTIA,0.0183,0
2013-05-31,SCOTIA,0.0191,0
2013-06-30,SCOTIA,0.0093,0
2013-07-31,SCOTIA,0.0068,0
2013-08-31,SCOTIA,0.008,0
2013-09-30,SCOTIA,0.0031,0
2013-10-31,SCOTIA,0.0072,0
2013-11-30,SCOTIA,0.014,0
2013-12-31,SCOTIA,0.0067,0
2014-01-31,SCOTIA,0.0152,1
2014-02-28,SCOTIA,0.0058,0
2014-03-31,SCOTIA,0.0134,0
2014-04-30,SCOTIA,0.0076,0
2014-05-31,SCOTIA,0.0118,0
2014-06-30,SCOTIA,0.0085,1
2014-07-31,SCOTIA,0.0133,1
2014-08-31,SCOTIA,0.0163,0
2014-09-30,SCOTIA,0.0158,0
2014-10-31,SCOTIA,0.0195,0
2014-11-30,SCOTIA,0.0122,0
2014-12-31,SCOTIA,0.0101,0
2015-01-31,SCOTIA,0.02,1
2015-02-28,SCOTIA,0.008,3
2015-03-31,SCOTIA,0.0103,0
2015-04-30,SCOTIA,0.0122,0
2015-05-31,SCOTIA,0.0101,0
2015-06-30,SCOTIA,0.011,0
2015-07-31,SCOTIA,0.0217,1
2015-08-31,SCOTIA,0.0094,2
2015-09-30,SCOTIA,0.008,0
2015-10-31,SCOTIA,0.0093,0
2015-11-30,SCOTIA,0.0024,0
2015-12-31,SCOTIA,0.003,1
2016-01-31,SCOTIA,0.0118,0
2016-02-29,SCOTIA,0.0138,1
2016-03-31,SCOTIA,0.0198,0
2016-04-30,SCOTIA,0.0112,0
2016-05-31,SCOTIA,0.0051,0
2016-06-30,SCOTIA,0.0088,0
2016-07-31,SCOTIA,0.0088,0
2016-08-31,SCOTIA,0.0085,2
2016-09-30,SCOTIA,0.0072,0
2016-10-31,SCOTIA,0.0045,3
2016-11-30,SCOTIA,0.0125,4
2016-12-31,SCOTIA,0.0031,2
2017-01-31,SCOTIA,0.0,0
2017-02-28,SCOTIA,0.0,0
2017-03-31,SCOTIA,0.0,0
2018-07-31,SCOTIA,,1
2018-08-31,SCOTIA,,1
2018-09-30,SCOTIA,,0
2018-10-31,SCOTIA,,1
2018-11-30,SCOTIA,,1
2018-12-31,SCOTIA,,0
2019-01-31,SCOTIA,,1
2019-02-28,SCOTIA,,1
2019-03-31,SCOTIA,,0
2019-04-30,SCOTIA,,1
2019-05-31,SCOTIA,,1
2019-06-30,SCOTIA,,0
2019-07-31,SCOTIA,,1
2019-08-31,SCOTIA,,1
2019-09-30,SCOTIA,,0
2019-10-31,SCOTIA,,1
2019-11-30,SCOTIA,,1
2019-12-31,SCOTIA,,0
2020-01-31,SCOTIA,,1
2020-02-29,SCOTIA,,1
2020-03-31,SCOTIA,,0
2020-04-30,SCOTIA,,1
2020-05-31,SCOTIA,,1
2020-06-30,SCOTIA,,0
2020-07-31,SCOTIA,,1
2020-08-31,SCOTIA,,1
2020-09-30,SCOTIA,,0
2020-10-31,SCOTIA,,1
2020-11-30,SCOTIA,,1
2020-12-31,SCOTIA,,0
2021-01-31,SCOTIA,,1
2021-02-28,SCOTIA,,1
2021-03-31,SCOTIA,,0
2021-04-30,SCOTIA,,0
2021-05-31,SCOTIA,,0
2021-06-30,SCOTIA,,0
2021-07-31,SCOTIA,,0
2021-08-31,SCOTIA,,0
2021-09-30,SCOTIA,,0
2021-10-31,SCOTIA,,0
2021-11-30,SCOTIA,,0
2021-12-31,SCOTIA,,0
2022-01-31,SCOTIA,,0
2022-02-28,SCOTIA,,0
2022-03-31,SCOTIA,,0
2022-04-30,SCOTIA,,0
2022-05-31,SCOTIA,,0
2022-06-30,SCOTIA,,0
2022-07-31,SCOTIA,,0
2022-08-31,SCOTIA,,0
2022-09-30,SCOTIA,,0
2022-10-31,SCOTIA,,0
2022-11-30,SCOTIA,,0
2022-12-31,SCOTIA,,0
2023-01-31,SCOTIA,,0
2023-02-28,SCOTIA,,0
2023-03-31,SCOTIA,0.0,0
2024-01-31,SCOTIA,,0
2024-02-29,SCOTIA,,0
2024-03-31,SCOTIA,0.0,0
2024-04-30,SCOTIA,,0
2024-05-31,SCOTIA,,0
2024-06-30,SCOTIA,0.0,0
2024-07-31,SCOTIA,,0
2024-08-31,SCOTIA,,0
2024-09-30,SCOTIA,,0
2024-10-31,SCOTIA,,0
2024-11-30,SCOTIA,,0
2024-12-31,SCOTIA,,0
2025-01-31,SCOTIA,,0
2025-02-28,SCOTIA,,0
2025-03-31,SCOTIA,,0
2025-04-30,SCOTIA,,0
2025-05-31,SCOTIA,,0
2025-06-30,SCOTIA,,0
2025-07-31,SCOTIA,,0
2025-08-31,SCOTIA,,0
2025-09-30,SCOTIA,,0
1999-10-31,SOCABK,0.1287,0
1999-11-30,SOCABK,0.1648,0
1999-12-31,SOCABK,0.0147,0
2000-01-31,SOCABK,0.0904,0
2000-02-29,SOCABK,0.0003,0
2000-03-31,SOCABK,0.0237,0
2000-04-30,SOCABK,0.0414,0
2000-05-31,SOCABK,0.0377,0
2000-06-30,SOCABK,0.0996,0
2000-07-31,SOCABK,0.0833,0
2000-08-31,SOCABK,0.0681,0
2000-09-30,SOCABK,0.063,0
2000-10-31,SOCABK,0.0505,0
2000-11-30,SOCABK,0.2391,0
2000-12-31,SOCABK,0.2005,0
2001-01-31,SOCABK,0.1414,0
2001-02-28,SOCABK,0.2184,0
2001-03-31,SOCABK,0.0131,0
2001-04-30,SOCABK,0.1842,0
2001-05-31,SOCABK,0.4072,1
2001-06-30,SOCABK,0.0144,0
2001-07-31,SOCABK,0.0063,3
2001-08-31,SOCABK,0.2062,0
2001-09-30,SOCABK,0.3059,0
2001-10-31,SOCABK,0.0465,0
2001-11-30,SOCABK,0.1012,0
2001-12-31,SOCABK,0.0462,2
2002-01-31,SOCABK,0.0373,1
2002-02-28,SOCABK,0.0126,8
2002-03-31,SOCABK,0.1446,7
2002-04-30,SOCABK,0.0231,12
2002-05-31,SOCABK,-0.0418,4
2002-06-30,SOCABK,-0.0483,3
2002-07-31,SOCABK,0.0177,0
2002-08-31,SOCABK,-0.0191,0
2002-09-30,SOCABK,0.0397,0
2002-10-31,SOCABK,0.0372,0
2002-11-30,SOCABK,0.1102,2
2002-12-31,SOCABK,0.0587,16
2003-01-31,SOCABK,0.0466,8
2003-02-28,SOCABK,0.0595,1
2003-03-31,SOCABK,0.0584,19
2003-04-30,SOCABK,0.0548,12
2003-05-31,SOCABK,0.0553,12
2003-06-30,SOCABK,0.0651,11
2003-07-31,SOCABK,0.0829,23
2003-08-31,SOCABK,0.0702,20
2003-09-30,SOCABK,0.0679,10
2003-10-31,SOCABK,0.0687,20
2003-11-30,SOCABK,0.0473,17
2003-12-31,SOCABK,0.0577,18
2004-01-31,SOCABK,0.0678,18
2004-02-29,SOCABK,0.0831,21
2004-03-31,SOCABK,0.0318,13
2004-04-30,SOCABK,0.0544,0
2004-05-31,SOCABK,0.0641,11
2004-06-30,SOCABK,0.0179,2
2004-07-31,SOCABK,0.0,0
2004-08-31,SOCABK,0.0,0
2004-09-30,SOCABK,0.0,0
2004-10-31,SOCABK,0.0427,18
2004-11-30,SOCABK,0.0461,1
2004-12-31,SOCABK,0.1069,19
2005-01-31,SOCABK,0.0529,30
2005-02-28,SOCABK,0.0799,9
2005-03-31,SOCABK,0.0615,14
2005-04-30,SOCABK,0.0696,2
2005-05-31,SOCABK,0.0759,13
2005-06-30,SOCABK,0.0674,21
2005-07-31,SOCABK,0.048,2
2005-08-31,SOCABK,0.1921,11
2005-09-30,SOCABK,0.0748,19
2005-10-31,SOCABK,0.1225,28
2005-11-30,SOCABK,0.3181,15
2005-12-31,SOCABK,6.6311,31
2006-01-31,SOCABK,4.6992,31
2006-02-28,SOCABK,0.0,0
2006-03-31,SOCABK,5.0011,31
2006-04-30,SOCABK,2.0858,31
2006-05-31,SOCABK,4.4647,31
2006-06-30,SOCABK,3.025,31
2006-07-31,SOCABK,2.1049,31
2006-08-31,SOCABK,1.4843,31
2006-09-30,SOCABK,0.0,0
2006-10-31,SOCABK,0.0,0
2006-11-30,SOCABK,0.0,0
2006-12-31,SOCABK,0.0,0
1999-10-31,SOGEBK,0.03,0
1999-11-30,SOGEBK,0.0301,0
1999-12-31,SOGEBK,0.1322,0
2000-01-31,SOGEBK,0.028,0
2000-02-29,SOGEBK,0.029,0
2000-03-31,SOGEBK,0.0632,0
2000-04-30,SOGEBK,0.0667,0
2000-05-31,SOGEBK,0.0463,0
2000-06-30,SOGEBK,0.0543,0
2000-07-31,SOGEBK,0.0265,0
2000-08-31,SOGEBK,0.0357,0
2000-09-30,SOGEBK,0.0804,0
2000-10-31,SOGEBK,0.0513,0
2000-11-30,SOGEBK,0.0583,0
2000-12-31,SOGEBK,0.0405,0
2001-01-31,SOGEBK,0.1112,0
2001-02-28,SOGEBK,0.037,0
2001-03-31,SOGEBK,0.1754,0
2001-04-30,SOGEBK,0.1296,0
2001-05-31,SOGEBK,0.1323,0
2001-06-30,SOGEBK,0.0441,0
2001-07-31,SOGEBK,0.0312,0
2001-08-31,SOGEBK,0.0584,0
2001-09-30,SOGEBK,0.0434,0
2001-10-31,SOGEBK,0.1161,0
2001-11-30,SOGEBK,0.092,0
2001-12-31,SOGEBK,0.1029,12
2002-01-31,SOGEBK,0.0623,26
2002-02-28,SOGEBK,0.0662,19
2002-03-31,SOGEBK,0.0677,5
2002-04-30,SOGEBK,0.1298,9
2002-05-31,SOGEBK,0.035,19
2002-06-30,SOGEBK,0.0417,8
2002-07-31,SOGEBK,0.1225,22
2002-08-31,SOGEBK,0.0248,8
2002-09-30,SOGEBK,0.07,1
2002-10-31,SOGEBK,0.0778,5
2002-11-30,SOGEBK,0.0177,0
2002-12-31,SOGEBK,0.0297,4
2003-01-31,SOGEBK,0.1215,18
2003-02-28,SOGEBK,0.0292,10
2003-03-31,SOGEBK,0.0333,8
2003-04-30,SOGEBK,0.0485,0
2003-05-31,SOGEBK,0.0401,1
2003-06-30,SOGEBK,0.0416,0
2003-07-31,SOGEBK,0.0596,2
2003-08-31,SOGEBK,0.0893,11
2003-09-30,SOGEBK,0.0499,0
2003-10-31,SOGEBK,0.0792,3
2003-11-30,SOGEBK,0.0696,15
2003-12-31,SOGEBK,0.1092,25
2004-01-31,SOGEBK,0.0259,5
2004-02-29,SOGEBK,0.0891,16
2004-03-31,SOGEBK,0.0713,21
2004-04-30,SOGEBK,0.046,1
2004-05-31,SOGEBK,0.106,2
2004-06-30,SOGEBK,0.0716,3
2004-07-31,SOGEBK,0.0,0
2004-08-31,SOGEBK,0.0,0
2004-09-30,SOGEBK,0.0,0
2004-10-31,SOGEBK,0.0503,2
2004-11-30,SOGEBK,0.1064,2
2004-12-31,SOGEBK,0.0727,1
2005-01-31,SOGEBK,0.0698,3
2005-02-28,SOGEBK,0.059,13
2005-03-31,SOGEBK,0.0457,9
2005-04-30,SOGEBK,0.0319,0
2005-05-31,SOGEBK,0.0202,1
2005-06-30,SOGEBK,0.0584,0
2005-07-31,SOGEBK,0.0492,3
2005-08-31,SOGEBK,0.0309,1
2005-09-30,SOGEBK,0.0425,1
2005-10-31,SOGEBK,0.0583,0
2005-11-30,SOGEBK,0.0505,0
2005-12-31,SOGEBK,0.0587,5
2006-01-31,SOGEBK,0.0384,4
2006-02-28,SOGEBK,0.0124,0
2006-03-31,SOGEBK,0.0433,0
2006-04-30,SOGEBK,0.0316,0
2006-05-31,SOGEBK,0.0353,0
2006-06-30,SOGEBK,0.0183,0
2006-07-31,SOGEBK,0.0202,0
2006-08-31,SOGEBK,0.0181,0
2006-09-30,SOGEBK,0.0488,0
2006-10-31,SOGEBK,0.044,0
2006-11-30,SOGEBK,0.0592,0
2006-12-31,SOGEBK,0.0764,5
2007-01-31,SOGEBK,0.0512,0
2007-02-28,SOGEBK,0.0458,0
2007-03-31,SOGEBK,0.0257,0
2007-04-30,SOGEBK,0.0116,4
2007-05-31,SOGEBK,0.0405,0
2007-06-30,SOGEBK,0.0243,0
2007-07-31,SOGEBK,0.0341,0
2007-08-31,SOGEBK,0.0106,0
2007-09-30,SOGEBK,0.0214,1
2007-10-31,SOGEBK,0.0338,0
2007-11-30,SOGEBK,0.0223,0
2007-12-31,SOGEBK,0.0399,0
2008-01-31,SOGEBK,0.0,0
2008-02-29,SOGEBK,0.0,0
2008-03-31,SOGEBK,0.0,0
2008-04-30,SOGEBK,0.0004,1
2008-05-31,SOGEBK,0.003,0
2008-06-30,SOGEBK,0.0018,0
2008-07-31,SOGEBK,0.0036,2
2008-08-31,SOGEBK,0.0073,1
2008-09-30,SOGEBK,0.0085,0
2008-10-31,SOGEBK,0.005,3
2008-11-30,SOGEBK,0.0007,0
2008-12-31,SOGEBK,0.0078,2
2009-01-31,SOGEBK,0.0046,0
2009-02-28,SOGEBK,0.0063,5
2009-03-31,SOGEBK,0.004,0
2009-04-30,SOGEBK,0.0056,0
2009-05-31,SOGEBK,0.0039,0
2009-06-30,SOGEBK,0.0055,0
2009-07-31,SOGEBK,0.0083,0
2009-08-31,SOGEBK,0.0085,3
2009-09-30,SOGEBK,0.0113,1
2009-10-31,SOGEBK,0.0093,0
2009-11-30,SOGEBK,0.0017,0
2009-12-31,SOGEBK,0.0105,0
2010-01-31,SOGEBK,0.0,0
2010-02-28,SOGEBK,0.0049,0
2010-03-31,SOGEBK,0.0032,0
2010-04-30,SOGEBK,0.0126,0
2010-05-31,SOGEBK,0.0019,1
2010-06-30,SOGEBK,0.0042,0
2010-07-31,SOGEBK,0.0018,0
2010-08-31,SOGEBK,0.0136,0
2010-09-30,SOGEBK,0.0038,0
2010-10-31,SOGEBK,0.0022,0
2010-11-30,SOGEBK,0.0023,0
2010-12-31,SOGEBK,0.0007,6
2011-01-31,SOGEBK,0.004,0
2011-02-28,SOGEBK,0.0082,0
2011-03-31,SOGEBK,0.0032,1
2011-04-30,SOGEBK,0.009,1
2011-05-31,SOGEBK,0.0159,0
2011-06-30,SOGEBK,0.0129,5
2011-07-31,SOGEBK,0.0092,0
2011-08-31,SOGEBK,0.0089,5
2011-09-30,SOGEBK,0.0018,0
2011-10-31,SOGEBK,0.0627,1
2011-11-30,SOGEBK,0.0045,3
2011-12-31,SOGEBK,0.0088,0
2012-01-31,SOGEBK,0.0027,0
2012-02-29,SOGEBK,0.0072,0
2012-03-31,SOGEBK,0.0036,3
2012-04-30,SOGEBK,0.0282,0
2012-05-31,SOGEBK,0.0083,1
2012-06-30,SOGEBK,0.0215,2
2012-07-31,SOGEBK,0.0096,3
2012-08-31,SOGEBK,0.0045,0
2012-09-30,SOGEBK,0.012,0
2012-10-31,SOGEBK,0.0138,1
2012-11-30,SOGEBK,0.2523,10
2012-12-31,SOGEBK,0.016,20
2013-01-31,SOGEBK,0.02,1
2013-02-28,SOGEBK,0.0103,0
2013-03-31,SOGEBK,0.0146,1
2013-04-30,SOGEBK,0.01,0
2013-05-31,SOGEBK,0.0141,4
2013-06-30,SOGEBK,0.0315,3
2013-07-31,SOGEBK,0.0105,1
2013-08-31,SOGEBK,0.0079,0
2013-09-30,SOGEBK,0.0209,1
2013-10-31,SOGEBK,0.0074,0
2013-11-30,SOGEBK,0.006,0
2013-12-31,SOGEBK,0.008,0
2014-01-31,SOGEBK,0.0019,0
2014-02-28,SOGEBK,0.0115,1
2014-03-31,SOGEBK,0.0076,0
2014-04-30,SOGEBK,0.0185,2
2014-05-31,SOGEBK,0.0228,4
2014-06-30,SOGEBK,0.018,2
2014-07-31,SOGEBK,0.0081,2
2014-08-31,SOGEBK,0.0047,0
2014-09-30,SOGEBK,0.0019,0
2014-10-31,SOGEBK,0.0018,0
2014-11-30,SOGEBK,0.0104,0
2014-12-31,SOGEBK,0.0107,1
2015-01-31,SOGEBK,0.0059,1
2015-02-28,SOGEBK,0.0051,0
2015-03-31,SOGEBK,0.0084,1
2015-04-30,SOGEBK,0.0127,0
2015-05-31,SOGEBK,0.002,0
2015-06-30,SOGEBK,0.0215,1
2015-07-31,SOGEBK,0.0239,3
2015-08-31,SOGEBK,0.0106,8
2015-09-30,SOGEBK,0.128,15
2015-10-31,SOGEBK,0.0108,27
2015-11-30,SOGEBK,0.0017,0
2015-12-31,SOGEBK,0.0072,0
2016-01-31,SOGEBK,0.0187,0
2016-02-29,SOGEBK,0.012,0
2016-03-31,SOGEBK,0.0168,0
2016-04-30,SOGEBK,0.0144,0
2016-05-31,SOGEBK,0.0108,0
2016-06-30,SOGEBK,0.0116,0
2016-07-31,SOGEBK,0.0072,1
2016-08-31,SOGEBK,0.0066,0
2016-09-30,SOGEBK,0.0068,1
2016-10-31,SOGEBK,0.01,8
2016-11-30,SOGEBK,0.0065,6
2016-12-31,SOGEBK,0.0105,14
2017-01-31,SOGEBK,0.0036,2
2017-02-28,SOGEBK,0.0058,0
2017-03-31,SOGEBK,0.0273,5
2017-04-30,SOGEBK,0.0007,7
2017-05-31,SOGEBK,0.0014,1
2017-06-30,SOGEBK,0.0038,2
2017-07-31,SOGEBK,0.0023,0
2017-08-31,SOGEBK,0.0025,0
2017-09-30,SOGEBK,0.0011,0
2017-10-31,SOGEBK,0.001,0
2017-11-30,SOGEBK,0.0024,0
2017-12-31,SOGEBK,0.0005,6
2018-01-31,SOGEBK,0.0029,0
2018-02-28,SOGEBK,0.0009,0
2018-03-31,SOGEBK,0.0021,1
2018-04-30,SOGEBK,0.0035,1
2018-05-31,SOGEBK,0.0013,1
2018-06-30,SOGEBK,0.0012,0
2018-07-31,SOGEBK,0.0003,0
2018-08-31,SOGEBK,0.0022,0
2018-09-30,SOGEBK,0.0013,0
2018-10-31,SOGEBK,0.0013,3
2018-11-30,SOGEBK,0.0025,4
2018-12-31,SOGEBK,0.0009,0
2019-01-31,SOGEBK,0.0013,3
2019-02-28,SOGEBK,0.0025,4
2019-03-31,SOGEBK,0.0009,0
2019-04-30,SOGEBK,0.15,0
2019-05-31,SOGEBK,0.0018,0
2019-06-30,SOGEBK,0.0049,7
2019-07-31,SOGEBK,0.001,0
2019-08-31,SOGEBK,0.0005,3
2019-09-30,SOGEBK,0.0098,2
2019-10-31,SOGEBK,0.0028,5
2019-11-30,SOGEBK,0.0008,1
2019-12-31,SOGEBK,0.0024,0
2020-01-31,SOGEBK,0.0027,1
2020-02-29,SOGEBK,0.0027,0
2020-03-31,SOGEBK,0.0043,0
2020-04-30,SOGEBK,0.0019,0
2020-05-31,SOGEBK,0.0012,0
2020-06-30,SOGEBK,0.0019,1
2020-07-31,SOGEBK,0.004,0
2020-08-31,SOGEBK,0.0043,2
2020-09-30,SOGEBK,0.0042,3
2020-10-31,SOGEBK,0.0014,0
2020-11-30,SOGEBK,0.003,0
2020-12-31,SOGEBK,0.0017,0
2021-01-31,SOGEBK,0.002,0
2021-02-28,SOGEBK,0.0027,0
2021-03-31,SOGEBK,0.0014,0
2021-04-30,SOGEBK,0.0013,0
2021-05-31,SOGEBK,0.0022,0
2021-06-30,SOGEBK,0.001,0
2021-07-31,SOGEBK,0.0029,0
2021-08-31,SOGEBK,0.0011,0
2021-09-30,SOGEBK,0.0006,0
2021-10-31,SOGEBK,0.0011,1
2021-11-30,SOGEBK,0.0014,2
2021-12-31,SOGEBK,0.0018,0
2022-01-31,SOGEBK,0.0015,0
2022-02-28,SOGEBK,0.0015,0
2022-03-31,SOGEBK,0.0027,0
2022-04-30,SOGEBK,0.0008,0
2022-05-31,SOGEBK,0.0009,0
2022-06-30,SOGEBK,0.0033,0
2022-07-31,SOGEBK,0.002738309315117361,0
2022-08-31,SOGEBK,0.0011049062603641026,1
2022-09-30,SOGEBK,0.002346362245412419,0
2022-10-31,SOGEBK,0.0032,0
2022-11-30,SOGEBK,0.0025,6
2022-12-31,SOGEBK,0.0125,30
2023-01-31,SOGEBK,0.018956251934262577,30
2023-02-28,SOGEBK,0.0005298349457166529,9
2023-03-31,SOGEBK,0.011836315522059642,31
2024-01-31,SOGEBK,,0
2024-02-29,SOGEBK,,0
2024-03-31,SOGEBK,0.0,31
2024-04-30,SOGEBK,0.0022,0
2024-05-31,SOGEBK,0.0041,0
2024-06-30,SOGEBK,0.0034,0
2024-07-31,SOGEBK,,0
2024-08-31,SOGEBK,0.0035,0
2024-09-30,SOGEBK,0.002,0
2024-10-31,SOGEBK,,0
2024-11-30,SOGEBK,0.0008,0
2024-12-31,SOGEBK,0.0016,0
2025-01-31,SOGEBK,0.0017,0
2025-02-28,SOGEBK,0.0031,0
2025-03-31,SOGEBK,0.0061,0
2025-04-30,SOGEBK,0.0028,0
2025-05-31,SOGEBK,0.0011,0
2025-06-30,SOGEBK,0.0047,0
2025-07-31,SOGEBK,0.0008,0
2025-08-31,SOGEBK,0.0008,0
2025-09-30,SOGEBK,0.0031,0
1999-10-31,SOGEBL,0.3585,0
1999-11-30,SOGEBL,0.3616,0
1999-12-31,SOGEBL,0.2702,0
2000-01-31,SOGEBL,0.281,0
2000-02-29,SOGEBL,0.2943,0
2000-03-31,SOGEBL,0.2249,0
2000-04-30,SOGEBL,0.2443,0
2000-05-31,SOGEBL,0.24,0
2000-06-30,SOGEBL,0.2646,0
2000-07-31,SOGEBL,0.2633,0
2000-08-31,SOGEBL,0.2764,0
2000-09-30,SOGEBL,0.3802,0
2000-10-31,SOGEBL,0.2921,0
2000-11-30,SOGEBL,0.3107,0
2000-12-31,SOGEBL,0.2724,0
2001-01-31,SOGEBL,0.2689,0
2001-02-28,SOGEBL,0.2349,0
2001-03-31,SOGEBL,0.2864,0
2001-04-30,SOGEBL,0.2684,0
2001-05-31,SOGEBL,0.269,0
2001-06-30,SOGEBL,0.2828,0
2001-07-31,SOGEBL,0.2832,0
2001-08-31,SOGEBL,0.2389,0
2001-09-30,SOGEBL,0.259,0
2001-10-31,SOGEBL,0.2747,0
2001-11-30,SOGEBL,0.2213,0
2001-12-31,SOGEBL,0.0716,4
2002-01-31,SOGEBL,0.0448,4
2002-02-28,SOGEBL,0.0589,0
2002-03-31,SOGEBL,0.061,0
2002-04-30,SOGEBL,0.0463,3
2002-05-31,SOGEBL,0.0489,1
2002-06-30,SOGEBL,0.0618,10
2002-07-31,SOGEBL,0.054,1
2002-08-31,SOGEBL,0.0619,0
2002-09-30,SOGEBL,0.0649,0
2002-10-31,SOGEBL,0.0537,3
2002-11-30,SOGEBL,0.0614,1
2002-12-31,SOGEBL,0.065,0
2003-01-31,SOGEBL,0.0674,0
2003-02-28,SOGEBL,0.0792,16
2003-03-31,SOGEBL,0.0554,11
2003-04-30,SOGEBL,0.0651,0
2003-05-31,SOGEBL,0.0491,0
2003-06-30,SOGEBL,0.0792,0
2003-07-31,SOGEBL,0.0546,1
2003-08-31,SOGEBL,0.0314,0
2003-09-30,SOGEBL,0.0616,0
2003-10-31,SOGEBL,0.0507,2
2003-11-30,SOGEBL,0.0512,2
2003-12-31,SOGEBL,0.0206,3
2004-01-31,SOGEBL,0.0117,1
2004-02-29,SOGEBL,0.0015,0
2004-03-31,SOGEBL,0.0504,0
2004-04-30,SOGEBL,0.0712,0
2004-05-31,SOGEBL,0.0467,0
2004-06-30,SOGEBL,0.0093,0
2004-07-31,SOGEBL,0.0,0
2004-08-31,SOGEBL,0.0,0
2004-09-30,SOGEBL,0.0,0
2004-10-31,SOGEBL,0.0434,1
2004-11-30,SOGEBL,0.0602,0
2004-12-31,SOGEBL,0.0277,1
2005-01-31,SOGEBL,0.0972,9
2005-02-28,SOGEBL,0.0196,10
2005-03-31,SOGEBL,0.0944,1
2005-04-30,SOGEBL,0.066,3
2005-05-31,SOGEBL,0.0596,1
2005-06-30,SOGEBL,0.0737,2
2005-07-31,SOGEBL,0.0941,5
2005-08-31,SOGEBL,0.0907,1
2005-09-30,SOGEBL,0.0715,1
2005-10-31,SOGEBL,0.0598,2
2005-11-30,SOGEBL,0.0442,2
2005-12-31,SOGEBL,0.0639,1
2006-01-31,SOGEBL,0.0352,5
2006-02-28,SOGEBL,0.0401,0
2006-03-31,SOGEBL,0.0591,0
2006-04-30,SOGEBL,0.0778,1
2006-05-31,SOGEBL,0.0738,6
2006-06-30,SOGEBL,0.0714,1
2006-07-31,SOGEBL,0.0703,3
2006-08-31,SOGEBL,0.0553,0
2006-09-30,SOGEBL,0.0595,2
2006-10-31,SOGEBL,0.0524,0
2006-11-30,SOGEBL,0.0537,0
2006-12-31,SOGEBL,0.0544,0
2007-01-31,SOGEBL,0.0646,1
2007-02-28,SOGEBL,0.0618,1
2007-03-31,SOGEBL,0.0687,1
2007-04-30,SOGEBL,0.0749,0
2007-05-31,SOGEBL,0.0628,0
2007-06-30,SOGEBL,0.056,0
2007-07-31,SOGEBL,0.0423,0
2007-08-31,SOGEBL,0.0709,0
2007-09-30,SOGEBL,0.0634,0
2007-10-31,SOGEBL,0.0579,0
2007-11-30,SOGEBL,0.0636,0
2007-12-31,SOGEBL,0.0509,0
2008-01-31,SOGEBL,0.0,0
2008-02-29,SOGEBL,0.0,0
2008-03-31,SOGEBL,0.0,0
2008-04-30,SOGEBL,0.0006,0
2008-05-31,SOGEBL,0.0081,0
2008-06-30,SOGEBL,0.0023,0
2008-07-31,SOGEBL,0.0025,2
2008-08-31,SOGEBL,0.0117,6
2008-09-30,SOGEBL,0.0053,2
2008-10-31,SOGEBL,0.0025,1
2008-11-30,SOGEBL,0.0026,0
2008-12-31,SOGEBL,0.0063,10
2009-01-31,SOGEBL,0.0024,0
2009-02-28,SOGEBL,0.0044,0
2009-03-31,SOGEBL,0.0057,0
2009-04-30,SOGEBL,0.0091,0
2009-05-31,SOGEBL,0.0104,0
2009-06-30,SOGEBL,0.0078,0
2009-07-31,SOGEBL,0.0099,0
2009-08-31,SOGEBL,0.0071,0
2009-09-30,SOGEBL,0.0639,2
2009-10-31,SOGEBL,0.0087,0
2009-11-30,SOGEBL,0.0167,0
2009-12-31,SOGEBL,0.003,0
2010-01-31,SOGEBL,0.0,0
2010-02-28,SOGEBL,0.0114,0
2010-03-31,SOGEBL,0.0114,1
2010-04-30,SOGEBL,0.0048,0
2010-05-31,SOGEBL,0.0062,0
2010-06-30,SOGEBL,0.0099,0
2010-07-31,SOGEBL,0.0065,0
2010-08-31,SOGEBL,0.0137,1
2010-09-30,SOGEBL,0.0082,0
2010-10-31,SOGEBL,0.0067,0
2010-11-30,SOGEBL,0.0074,0
2010-12-31,SOGEBL,0.0042,1
2011-01-31,SOGEBL,0.0136,0
2011-02-28,SOGEBL,0.0116,0
2011-03-31,SOGEBL,0.0167,0
2011-04-30,SOGEBL,0.01,0
2011-05-31,SOGEBL,0.0079,1
2011-06-30,SOGEBL,0.0127,0
2011-07-31,SOGEBL,0.0102,0
2011-08-31,SOGEBL,0.0107,0
2011-09-30,SOGEBL,0.0067,0
2011-10-31,SOGEBL,0.0058,0
2011-11-30,SOGEBL,0.018,0
2011-12-31,SOGEBL,0.0112,0
2012-01-31,SOGEBL,0.0104,0
2012-02-29,SOGEBL,0.0111,0
2012-03-31,SOGEBL,0.016,5
2012-04-30,SOGEBL,0.0223,1
2012-05-31,SOGEBL,0.0157,1
2012-06-30,SOGEBL,0.0179,0
2012-07-31,SOGEBL,0.0068,1
2012-08-31,SOGEBL,0.0085,0
2012-09-30,SOGEBL,0.0156,0
2012-10-31,SOGEBL,0.0141,1
2012-11-30,SOGEBL,0.0114,2
2012-12-31,SOGEBL,0.0056,0
2013-01-31,SOGEBL,0.0148,0
2013-02-28,SOGEBL,0.0089,0
2013-03-31,SOGEBL,0.0151,2
2013-04-30,SOGEBL,0.0222,1
2013-05-31,SOGEBL,0.0194,1
2013-06-30,SOGEBL,0.0147,0
2013-07-31,SOGEBL,0.0137,0
2013-08-31,SOGEBL,0.0098,0
2013-09-30,SOGEBL,0.0142,0
2013-10-31,SOGEBL,0.0105,0
2013-11-30,SOGEBL,0.0065,0
2013-12-31,SOGEBL,0.0104,0
2014-01-31,SOGEBL,0.0098,0
2014-02-28,SOGEBL,0.0152,2
2014-03-31,SOGEBL,0.0182,0
2014-04-30,SOGEBL,0.0096,0
2014-05-31,SOGEBL,0.0228,2
2014-06-30,SOGEBL,0.0149,1
2014-07-31,SOGEBL,0.0116,1
2014-08-31,SOGEBL,0.0006,0
2014-09-30,SOGEBL,0.0107,2
2014-10-31,SOGEBL,0.0254,2
2014-11-30,SOGEBL,0.0101,0
2014-12-31,SOGEBL,0.013,0
2015-01-31,SOGEBL,0.0065,0
2015-02-28,SOGEBL,0.0183,0
2015-03-31,SOGEBL,0.0057,0
2015-04-30,SOGEBL,0.0022,0
2015-05-31,SOGEBL,0.0128,1
2015-06-30,SOGEBL,0.0079,0
2015-07-31,SOGEBL,0.0173,4
2015-08-31,SOGEBL,0.0097,0
2015-09-30,SOGEBL,0.0159,0
2015-10-31,SOGEBL,0.0039,0
2015-11-30,SOGEBL,0.0122,0
2015-12-31,SOGEBL,0.0168,1
2016-01-31,SOGEBL,0.0082,0
2016-02-29,SOGEBL,0.0098,0
2016-03-31,SOGEBL,0.0171,0
2016-04-30,SOGEBL,0.0131,0
2016-05-31,SOGEBL,0.012,2
2016-06-30,SOGEBL,0.0144,1
2016-07-31,SOGEBL,0.0124,0
2016-08-31,SOGEBL,0.0072,0
2016-09-30,SOGEBL,0.007,0
2016-10-31,SOGEBL,0.0099,0
2016-11-30,SOGEBL,0.005,0
2016-12-31,SOGEBL,0.0021,2
2017-01-31,SOGEBL,0.0052,2
2017-02-28,SOGEBL,0.0,2
2017-03-31,SOGEBL,0.0045,2
2017-04-30,SOGEBL,0.0007,2
2017-05-31,SOGEBL,0.0006,0
2017-06-30,SOGEBL,0.001,0
2017-07-31,SOGEBL,0.0006,0
2017-08-31,SOGEBL,0.0001,0
2017-09-30,SOGEBL,0.0031,0
2017-10-31,SOGEBL,0.0007,0
2017-11-30,SOGEBL,0.0005,0
2017-12-31,SOGEBL,0.024,4
2018-01-31,SOGEBL,0.0119,31
2018-02-28,SOGEBL,0.0082,28
2018-03-31,SOGEBL,0.0011,11
2018-04-30,SOGEBL,0.0023,0
2018-05-31,SOGEBL,0.0024,1
2018-06-30,SOGEBL,0.0016,0
2018-07-31,SOGEBL,0.0034,0
2018-08-31,SOGEBL,0.0033,0
2018-09-30,SOGEBL,0.0068,3
2018-10-31,SOGEBL,0.0038,0
2018-11-30,SOGEBL,0.0045,2
2018-12-31,SOGEBL,0.0027,0
2019-01-31,SOGEBL,0.0038,0
2019-02-28,SOGEBL,0.0045,2
2019-03-31,SOGEBL,0.0027,0
2019-04-30,SOGEBL,0.0017,1
2019-05-31,SOGEBL,0.0027,5
2019-06-30,SOGEBL,0.0029,4
2019-07-31,SOGEBL,0.0003,10
2019-08-31,SOGEBL,0.0001,5
2019-09-30,SOGEBL,0.0041,17
2019-10-31,SOGEBL,0.0056,1
2019-11-30,SOGEBL,0.0005,1
2019-12-31,SOGEBL,0.0038,1
2020-01-31,SOGEBL,0.0045,3
2020-02-29,SOGEBL,0.001,0
2020-03-31,SOGEBL,0.0018,1
2020-04-30,SOGEBL,0.004,2
2020-05-31,SOGEBL,0.0016,0
2020-06-30,SOGEBL,0.0058,1
2020-07-31,SOGEBL,0.0001,2
2020-08-31,SOGEBL,0.005,1
2020-09-30,SOGEBL,0.0016,0
2020-10-31,SOGEBL,0.0022,0
2020-11-30,SOGEBL,0.0028,0
2020-12-31,SOGEBL,0.0014,0
2021-01-31,SOGEBL,0.0027,5
2021-02-28,SOGEBL,0.0028,0
2021-03-31,SOGEBL,0.0017,0
2021-04-30,SOGEBL,0.003,0
2021-05-31,SOGEBL,0.0036,0
2021-06-30,SOGEBL,0.002,0
2021-07-31,SOGEBL,0.0003,0
2021-08-31,SOGEBL,0.0016,0
2021-09-30,SOGEBL,0.0029,0
2021-10-31,SOGEBL,0.0008,0
2021-11-30,SOGEBL,0.0007,0
2021-12-31,SOGEBL,0.0008,0
2022-01-31,SOGEBL,0.0025,0
2022-02-28,SOGEBL,0.001,0
2022-03-31,SOGEBL,0.0027,1
2022-04-30,SOGEBL,0.0039,1
2022-05-31,SOGEBL,0.0046,0
2022-06-30,SOGEBL,0.0044,0
2022-07-31,SOGEBL,0.003683336752379976,0
2022-08-31,SOGEBL,0.0009749174143459036,0
2022-09-30,SOGEBL,0.003966151159783696,1
2022-10-31,SOGEBL,0.0003,0
2022-11-30,SOGEBL,0.0021,0
2022-12-31,SOGEBL,0.0002,0
2023-01-31,SOGEBL,0.0022599975673630976,0
2023-02-28,SOGEBL,0.002382612504489046,0
2023-03-31,SOGEBL,0.004526025691476576,0
2024-01-31,SOGEBL,,0
2024-02-29,SOGEBL,,0
2024-03-31,SOGEBL,0.0,0
2024-04-30,SOGEBL,0.0043967885312176155,0
2024-05-31,SOGEBL,0.003,0
2024-06-30,SOGEBL,0.0029,0
2024-07-31,SOGEBL,,0
2024-08-31,SOGEBL,,0
2024-09-30,SOGEBL,,0
2024-10-31,SOGEBL,,0
2024-11-30,SOGEBL,0.0034,0
2024-12-31,SOGEBL,0.0025,0
2025-01-31,SOGEBL,0.0016,0
2025-02-28,SOGEBL,3.81e-05,0
2025-03-31,SOGEBL,0.0017,0
2025-04-30,SOGEBL,0.0033,0
2025-05-31,SOGEBL,0.0048,0
2025-06-30,SOGEBL,-0.0039,0
2025-07-31,SOGEBL,0.0003,0
2025-08-31,SOGEBL,0.0003,0
2025-09-30,SOGEBL,0.0044,0
1999-10-31,UNIBK,0.013,0
1999-11-30,UNIBK,0.1172,0
1999-12-31,UNIBK,0.0034,0
2000-01-31,UNIBK,0.0112,0
2000-02-29,UNIBK,0.0092,0
2000-03-31,UNIBK,0.0166,0
2000-04-30,UNIBK,0.0279,0
2000-05-31,UNIBK,0.0361,0
2000-06-30,UNIBK,0.0068,0
2000-07-31,UNIBK,0.0064,0
2000-08-31,UNIBK,0.0214,0
2000-09-30,UNIBK,0.0667,0
2000-10-31,UNIBK,0.0072,0
2000-11-30,UNIBK,0.0032,0
2000-12-31,UNIBK,0.0224,0
2001-01-31,UNIBK,0.039,0
2001-02-28,UNIBK,0.0508,0
2001-03-31,UNIBK,0.0138,0
2001-04-30,UNIBK,0.0069,0
2001-05-31,UNIBK,0.0239,0
2001-06-30,UNIBK,0.0598,0
2001-07-31,UNIBK,0.0313,0
2001-08-31,UNIBK,0.0773,0
2001-09-30,UNIBK,0.019,0
2001-10-31,UNIBK,0.0107,0
2001-11-30,UNIBK,0.028,0
2001-12-31,UNIBK,0.02,2
2002-01-31,UNIBK,0.0153,0
2002-02-28,UNIBK,0.0224,0
2002-03-31,UNIBK,0.0238,1
2002-04-30,UNIBK,-0.0171,0
2002-05-31,UNIBK,-0.0001,0
2002-06-30,UNIBK,0.035,0
2002-07-31,UNIBK,0.0038,0
2002-08-31,UNIBK,-0.0015,0
2002-09-30,UNIBK,-0.0004,0
2002-10-31,UNIBK,0.0056,0
2002-11-30,UNIBK,0.0063,0
2002-12-31,UNIBK,0.0174,0
2003-01-31,UNIBK,0.0015,0
2003-02-28,UNIBK,0.0194,0
2003-03-31,UNIBK,0.0109,0
2003-04-30,UNIBK,0.0113,0
2003-05-31,UNIBK,0.0083,0
2003-06-30,UNIBK,0.0327,0
2003-07-31,UNIBK,0.0619,0
2003-08-31,UNIBK,0.0103,0
2003-09-30,UNIBK,0.0317,0
2003-10-31,UNIBK,0.0457,0
2003-11-30,UNIBK,0.0376,0
2003-12-31,UNIBK,0.0591,0
2004-01-31,UNIBK,0.0703,2
2004-02-29,UNIBK,0.0903,12
2004-03-31,UNIBK,0.0455,5
2004-04-30,UNIBK,0.0602,0
2004-05-31,UNIBK,0.0211,0
2004-06-30,UNIBK,0.0328,0
2004-07-31,UNIBK,0.0,0
2004-08-31,UNIBK,0.0,0
2004-09-30,UNIBK,0.0,0
2004-10-31,UNIBK,0.0789,0
2004-11-30,UNIBK,0.0291,0
2004-12-31,UNIBK,0.0528,0
2005-01-31,UNIBK,0.0574,0
2005-02-28,UNIBK,0.0798,3
2005-03-31,UNIBK,0.0785,2
2005-04-30,UNIBK,0.0741,10
2005-05-31,UNIBK,0.074,4
2005-06-30,UNIBK,0.0667,9
2005-07-31,UNIBK,0.0674,12
2005-08-31,UNIBK,0.0634,1
2005-09-30,UNIBK,0.1045,2
2005-10-31,UNIBK,0.0634,0
2005-11-30,UNIBK,0.0433,0
2005-12-31,UNIBK,0.0758,0
2006-01-31,UNIBK,0.0436,0
2006-02-28,UNIBK,0.0555,0
2006-03-31,UNIBK,0.0529,0
2006-04-30,UNIBK,0.0442,0
2006-05-31,UNIBK,0.0548,1
2006-06-30,UNIBK,0.025,0
2006-07-31,UNIBK,0.0627,0
2006-08-31,UNIBK,0.0202,0
2006-09-30,UNIBK,0.0315,0
2006-10-31,UNIBK,0.0132,0
2006-11-30,UNIBK,0.0138,0
2006-12-31,UNIBK,0.0331,0
2007-01-31,UNIBK,0.0142,0
2007-02-28,UNIBK,0.0244,0
2007-03-31,UNIBK,0.0079,0
2007-04-30,UNIBK,0.0229,0
2007-05-31,UNIBK,0.0196,0
2007-06-30,UNIBK,0.0233,0
2007-07-31,UNIBK,0.0172,0
2007-08-31,UNIBK,0.0312,0
2007-09-30,UNIBK,0.0306,0
2007-10-31,UNIBK,0.0151,0
2007-11-30,UNIBK,0.0202,0
2007-12-31,UNIBK,0.0219,0
2008-01-31,UNIBK,0.0,0
2008-02-29,UNIBK,0.0,0
2008-03-31,UNIBK,0.0,0
2008-04-30,UNIBK,0.0068,5
2008-05-31,UNIBK,0.008,7
2008-06-30,UNIBK,0.0112,5
2008-07-31,UNIBK,0.0036,5
2008-08-31,UNIBK,0.0147,6
2008-09-30,UNIBK,0.0251,4
2008-10-31,UNIBK,0.0068,7
2008-11-30,UNIBK,0.0041,1
2008-12-31,UNIBK,0.0117,7
2009-01-31,UNIBK,0.0069,2
2009-02-28,UNIBK,0.0079,8
2009-03-31,UNIBK,0.0059,3
2009-04-30,UNIBK,0.007,0
2009-05-31,UNIBK,0.0089,0
2009-06-30,UNIBK,0.01,3
2009-07-31,UNIBK,0.0043,1
2009-08-31,UNIBK,0.0104,4
2009-09-30,UNIBK,0.0111,0
2009-10-31,UNIBK,0.0078,1
2009-11-30,UNIBK,0.023,1
2009-12-31,UNIBK,0.0206,8
2010-01-31,UNIBK,0.0,0
2010-02-28,UNIBK,0.0145,0
2010-03-31,UNIBK,0.0101,13
2010-04-30,UNIBK,0.0155,6
2010-05-31,UNIBK,0.0018,1
2010-06-30,UNIBK,0.0089,0
2010-07-31,UNIBK,0.0118,1
2010-08-31,UNIBK,0.0021,1
2010-09-30,UNIBK,0.0097,2
2010-10-31,UNIBK,0.0094,1
2010-11-30,UNIBK,0.0046,4
2010-12-31,UNIBK,0.012,4
2011-01-31,UNIBK,0.0108,0
2011-02-28,UNIBK,0.0081,0
2011-03-31,UNIBK,0.0109,0
2011-04-30,UNIBK,0.0049,1
2011-05-31,UNIBK,0.0073,0
2011-06-30,UNIBK,0.0104,0
2011-07-31,UNIBK,0.0094,1
2011-08-31,UNIBK,0.0094,1
2011-09-30,UNIBK,0.0067,0
2011-10-31,UNIBK,0.0126,0
2011-11-30,UNIBK,0.0124,0
2011-12-31,UNIBK,0.0098,1
2012-01-31,UNIBK,0.0156,0
2012-02-29,UNIBK,0.0198,0
2012-03-31,UNIBK,0.0152,0
2012-04-30,UNIBK,0.0118,0
2012-05-31,UNIBK,0.0067,0
2012-06-30,UNIBK,0.0138,0
2012-07-31,UNIBK,0.0081,0
2012-08-31,UNIBK,0.0238,21
2012-09-30,UNIBK,0.0108,21
2012-10-31,UNIBK,0.0087,0
2012-11-30,UNIBK,0.4977,16
2012-12-31,UNIBK,0.3302,31
2013-01-31,UNIBK,0.0344,31
2013-02-28,UNIBK,0.0149,3
2013-03-31,UNIBK,0.0142,1
2013-04-30,UNIBK,0.0179,0
2013-05-31,UNIBK,0.0128,1
2013-06-30,UNIBK,0.0081,0
2013-07-31,UNIBK,0.0058,0
2013-08-31,UNIBK,0.0143,0
2013-09-30,UNIBK,0.014,0
2013-10-31,UNIBK,0.0096,0
2013-11-30,UNIBK,0.0081,0
2013-12-31,UNIBK,0.0053,0
2014-01-31,UNIBK,0.0152,0
2014-02-28,UNIBK,0.0076,0
2014-03-31,UNIBK,0.0089,0
2014-04-30,UNIBK,0.0071,0
2014-05-31,UNIBK,0.0171,0
2014-06-30,UNIBK,0.0077,0
2014-07-31,UNIBK,0.002,0
2014-08-31,UNIBK,0.0115,0
2014-09-30,UNIBK,0.0132,1
2014-10-31,UNIBK,0.0112,0
2014-11-30,UNIBK,0.0151,1
2014-12-31,UNIBK,0.01,0
2015-01-31,UNIBK,0.0119,1
2015-02-28,UNIBK,0.0115,1
2015-03-31,UNIBK,0.0095,0
2015-04-30,UNIBK,0.0092,1
2015-05-31,UNIBK,0.0106,0
2015-06-30,UNIBK,0.0095,0
2015-07-31,UNIBK,0.0296,2
2015-08-31,UNIBK,0.0091,3
2015-09-30,UNIBK,0.019,0
2015-10-31,UNIBK,0.0191,1
2015-11-30,UNIBK,0.006,0
2015-12-31,UNIBK,0.0024,1
2016-01-31,UNIBK,0.0096,0
2016-02-29,UNIBK,0.0161,0
2016-03-31,UNIBK,0.0136,0
2016-04-30,UNIBK,0.0067,3
2016-05-31,UNIBK,0.0026,0
2016-06-30,UNIBK,0.0115,0
2016-07-31,UNIBK,0.0043,0
2016-08-31,UNIBK,0.0049,0
2016-09-30,UNIBK,0.0087,0
2016-10-31,UNIBK,0.0041,0
2016-11-30,UNIBK,0.0099,0
2016-12-31,UNIBK,0.0046,0
2017-01-31,UNIBK,0.0033,0
2017-02-28,UNIBK,0.006,0
2017-03-31,UNIBK,0.008,3
2017-04-30,UNIBK,0.0035,12
2017-05-31,UNIBK,0.0015,7
2017-06-30,UNIBK,0.0023,1
2017-07-31,UNIBK,0.0018,0
2017-08-31,UNIBK,0.0032,0
2017-09-30,UNIBK,0.0032,1
2017-10-31,UNIBK,0.002,0
2017-11-30,UNIBK,0.005,1
2017-12-31,UNIBK,0.0036,5
2018-01-31,UNIBK,0.0013,1
2018-02-28,UNIBK,0.0017,0
2018-03-31,UNIBK,0.0031,0
2018-04-30,UNIBK,0.0022,0
2018-05-31,UNIBK,0.0028,0
2018-06-30,UNIBK,0.0016,0
2018-07-31,UNIBK,0.0022,3
2018-08-31,UNIBK,0.003,4
2018-09-30,UNIBK,0.0019,3
2018-10-31,UNIBK,0.0015,0
2018-11-30,UNIBK,0.0034,0
2018-12-31,UNIBK,0.0044,0
2019-01-31,UNIBK,0.0015,0
2019-02-28,UNIBK,0.0034,0
2019-03-31,UNIBK,0.0044,0
2019-04-30,UNIBK,0.0024,0
2019-05-31,UNIBK,0.0021,0
2019-06-30,UNIBK,0.0029,3
2019-07-31,UNIBK,0.0038,0
2019-08-31,UNIBK,0.0046,3
2019-09-30,UNIBK,0.0011,3
2019-10-31,UNIBK,0.0025,0
2019-11-30,UNIBK,0.0052,2
2019-12-31,UNIBK,0.0025,6
2020-01-31,UNIBK,0.0051,0
2020-02-29,UNIBK,0.0056,2
2020-03-31,UNIBK,0.0032,6
2020-04-30,UNIBK,0.0022,0
2020-05-31,UNIBK,0.0021,0
2020-06-30,UNIBK,0.0038,0
2020-07-31,UNIBK,0.0042,0
2020-08-31,UNIBK,0.0086,4
2020-09-30,UNIBK,0.0024,7
2020-10-31,UNIBK,0.0022,0
2020-11-30,UNIBK,0.0008,0
2020-12-31,UNIBK,0.0131,1
2021-01-31,UNIBK,0.0034,0
2021-02-28,UNIBK,0.0035,0
2021-03-31,UNIBK,0.0026,0
2021-04-30,UNIBK,0.0035,0
2021-05-31,UNIBK,0.004,0
2021-06-30,UNIBK,0.003,0
2021-07-31,UNIBK,0.0029,0
2021-08-31,UNIBK,0.0054,1
2021-09-30,UNIBK,0.0046,0
2021-10-31,UNIBK,0.0047,0
2021-11-30,UNIBK,0.0024,0
2021-12-31,UNIBK,0.0017,0
2022-01-31,UNIBK,0.0006,0
2022-02-28,UNIBK,0.0034,0
2022-03-31,UNIBK,0.0029,0
2022-04-30,UNIBK,0.0017,0
2022-05-31,UNIBK,0.0026,0
2022-06-30,UNIBK,0.0031,0
2022-07-31,UNIBK,0.0029061073289586795,0
2022-08-31,UNIBK,0.0032257166755080688,1
2022-09-30,UNIBK,0.002965885953480502,0
2022-10-31,UNIBK,0.001,0
2022-11-30,UNIBK,0.0052,7
2022-12-31,UNIBK,0.0219,30
2023-01-31,UNIBK,0.016635222888727444,31
2023-02-28,UNIBK,0.003171476966136035,9
2023-03-31,UNIBK,0.009268475062554423,31
2024-01-31,UNIBK,0.001188001385794075,0
2024-02-29,UNIBK,0.00501671749941575,0
2024-03-31,UNIBK,0.006684810688637301,31
2024-04-30,UNIBK,0.0046,0
2024-05-31,UNIBK,0.0035,0
2024-06-30,UNIBK,0.0069,0
2024-07-31,UNIBK,0.0047,0
2024-08-31,UNIBK,,0
2024-09-30,UNIBK,0.0071,0
2024-10-31,UNIBK,0.0015,0
2024-11-30,UNIBK,0.0014,0
2024-12-31,UNIBK,0.0012,0
2025-01-31,UNIBK,0.0033,0
2025-02-28,UNIBK,0.0041,0
2025-03-31,UNIBK,0.0012,0
2025-04-30,UNIBK,0.0039,0
2025-05-31,UNIBK,0.0025,0
2025-06-30,UNIBK,0.0022,0
2025-07-31,UNIBK,0.0024,0
2025-08-31,UNIBK,0.0027,0
2025-09-30,UNIBK,0.0031,0
